Model Marker Locations from IK
version=1
nRows=121
nColumns=79
inDegrees=no
endheader
time	L_Acromion_tx	L_Acromion_ty	L_Acromion_tz	R_Acromion_tx	R_Acromion_ty	R_Acromion_tz	R_ASIS_tx	R_ASIS_ty	R_ASIS_tz	L_ASIS_tx	L_ASIS_ty	L_ASIS_tz	L_PSIS_tx	L_PSIS_ty	L_PSIS_tz	R_PSIS_tx	R_PSIS_ty	R_PSIS_tz	R_Knee_tx	R_Knee_ty	R_Knee_tz	R_Kneemedial_tx	R_Kneemedial_ty	R_Kneemedial_tz	R_Shin_tx	R_Shin_ty	R_Shin_tz	R_Meta5_tx	R_Meta5_ty	R_Meta5_tz	R_ToesTop_tx	R_ToesTop_ty	R_ToesTop_tz	R_Meta1_tx	R_Meta1_ty	R_Meta1_tz	L_Trochanter_tx	L_Trochanter_ty	L_Trochanter_tz	L_Knee_tx	L_Knee_ty	L_Knee_tz	L_Kneemedial_tx	L_Kneemedial_ty	L_Kneemedial_tz	L_Shin_tx	L_Shin_ty	L_Shin_tz	L_MalMed_tx	L_MalMed_ty	L_MalMed_tz	L_Meta5_tx	L_Meta5_ty	L_Meta5_tz	L_ToesTop_tx	L_ToesTop_ty	L_ToesTop_tz	L_Meta1_tx	L_Meta1_ty	L_Meta1_tz	R_MalMed_tx	R_MalMed_ty	R_MalMed_tz	R_Ankle_tx	R_Ankle_ty	R_Ankle_tz	R_HeelTop_tx	R_HeelTop_ty	R_HeelTop_tz	R_Trochanter_tx	R_Trochanter_ty	R_Trochanter_tz	L_Ankle_tx	L_Ankle_ty	L_Ankle_tz	L_HeelTop_tx	L_HeelTop_ty	L_HeelTop_tz
      0.00000000	     -1.17269735	      1.55037804	     -0.50637259	     -1.17488655	      1.54886308	     -0.17232721	     -1.08936744	      1.08241130	     -0.20858933	     -1.09356812	      1.06381995	     -0.47306350	     -1.29628863	      1.07531002	     -0.38636065	     -1.29157484	      1.08238547	     -0.29509319	     -1.16013759	      0.52567713	     -0.20762673	     -1.15162071	      0.53622455	     -0.32416548	     -1.16128849	      0.31193816	     -0.29097611	     -1.08167119	      0.04661159	     -0.33924078	     -1.04060452	      0.03226354	     -0.27841514	     -1.12989595	      0.01295050	     -0.22765761	     -1.20035306	      0.94901168	     -0.51339317	     -1.00780488	      0.55208191	     -0.50324786	     -0.96469205	      0.56145147	     -0.39427145	     -1.05225501	      0.35399829	     -0.44018262	     -1.15871421	      0.17973617	     -0.39110941	     -1.11282400	      0.07572572	     -0.52875718	     -1.02871616	      0.05142638	     -0.47256774	     -1.07089850	      0.05363177	     -0.41785596	     -1.21968969	      0.10876888	     -0.35551694	     -1.25339916	      0.08836242	     -0.27138756	     -1.29193354	      0.04388369	     -0.34576799	     -1.19261357	      0.96942530	     -0.15568649	     -1.19898900	      0.16266470	     -0.47293038	     -1.25522163	      0.14423102	     -0.40940746
      0.00833333	     -1.16093397	      1.55000295	     -0.50544170	     -1.16393890	      1.54792898	     -0.17140566	     -1.08052465	      1.08189477	     -0.20803889	     -1.08427796	      1.06265842	     -0.47247366	     -1.28712375	      1.07510219	     -0.38619649	     -1.28256196	      1.08238834	     -0.29493788	     -1.15678518	      0.52523738	     -0.20797695	     -1.14844475	      0.53593726	     -0.32451456	     -1.15958838	      0.31156522	     -0.29114360	     -1.08168575	      0.04642458	     -0.33913449	     -1.04061560	      0.03215080	     -0.27831551	     -1.12990389	      0.01303437	     -0.22746710	     -1.19056674	      0.94783716	     -0.51293061	     -0.99339687	      0.55320917	     -0.50180538	     -0.95097283	      0.56307115	     -0.39260233	     -1.02902191	      0.35226288	     -0.43824173	     -1.12754113	      0.17350473	     -0.38875925	     -1.07710825	      0.07156962	     -0.52621249	     -0.99176510	      0.05161970	     -0.47018205	     -1.03387399	      0.05206160	     -0.41532875	     -1.21945689	      0.10874043	     -0.35542301	     -1.25318536	      0.08863656	     -0.27122842	     -1.29195712	      0.04409289	     -0.34552312	     -1.18401011	      0.96921729	     -0.15500939	     -1.16734757	      0.15467185	     -0.47042280	     -1.22241568	      0.13350849	     -0.40678158
      0.01666667	     -1.15239854	      1.54938231	     -0.50583313	     -1.15448387	      1.54785717	     -0.17178713	     -1.07094823	      1.08098353	     -0.20734094	     -1.07404591	      1.06233407	     -0.47182624	     -1.27710143	      1.07470318	     -0.38603304	     -1.27276555	      1.08178492	     -0.29474733	     -1.15336917	      0.52464528	     -0.20687574	     -1.14503026	      0.53503768	     -0.32344128	     -1.15776300	      0.31090191	     -0.29063281	     -1.08152380	      0.04630169	     -0.33918595	     -1.04055713	      0.03203355	     -0.27836909	     -1.12989155	      0.01269933	     -0.22764698	     -1.18047491	      0.94680729	     -0.51240745	     -0.98013950	      0.55380755	     -0.50024589	     -0.93749844	      0.56444583	     -0.39120035	     -1.00606638	      0.35037664	     -0.43661339	     -1.09588191	      0.16725754	     -0.38651757	     -1.04118712	      0.06721635	     -0.52344319	     -0.95458129	      0.05284746	     -0.46762163	     -0.99632558	      0.05152748	     -0.41259974	     -1.21902607	      0.10867759	     -0.35548754	     -1.25295232	      0.08859116	     -0.27136827	     -1.29179076	      0.04420254	     -0.34579645	     -1.17453087	      0.96903985	     -0.15462092	     -1.13576002	      0.14685574	     -0.46776822	     -1.18898967	      0.12265509	     -0.40387995
      0.02500000	     -1.14212775	      1.54874034	     -0.50547320	     -1.14429503	      1.54706223	     -0.17142846	     -1.06164505	      1.08023833	     -0.20680123	     -1.06445275	      1.06091869	     -0.47124165	     -1.26758174	      1.07413263	     -0.38574885	     -1.26334397	      1.08143564	     -0.29447597	     -1.14985535	      0.52416091	     -0.20628407	     -1.14136879	      0.53447432	     -0.32284598	     -1.15579165	      0.31045936	     -0.29039308	     -1.08129378	      0.04604413	     -0.33907447	     -1.04052640	      0.03168470	     -0.27817554	     -1.13002988	      0.01251587	     -0.22767362	     -1.17038690	      0.94564526	     -0.51197609	     -0.96683884	      0.55431028	     -0.49948242	     -0.92490193	      0.56507845	     -0.39017686	     -0.98317797	      0.34853513	     -0.43506995	     -1.06419465	      0.16153534	     -0.38431166	     -1.00492548	      0.06361871	     -0.52071218	     -0.91759728	      0.05413062	     -0.46497925	     -0.95913507	      0.05119563	     -0.40983443	     -1.21844742	      0.10879283	     -0.35565288	     -1.25264719	      0.08882767	     -0.27161554	     -1.29155006	      0.04460703	     -0.34618309	     -1.16571075	      0.96876716	     -0.15395052	     -1.10349528	      0.13920397	     -0.46533595	     -1.15517509	      0.11243530	     -0.40131197
      0.03333333	     -1.13084860	      1.54785253	     -0.50474116	     -1.13333278	      1.54564475	     -0.17070170	     -1.05256860	      1.07933958	     -0.20640904	     -1.05519307	      1.05917700	     -0.47078841	     -1.25835749	      1.07332562	     -0.38552971	     -1.25418093	      1.08090894	     -0.29427687	     -1.14563477	      0.52348284	     -0.20623611	     -1.13711564	      0.53385791	     -0.32279017	     -1.15350036	      0.30992519	     -0.29052397	     -1.08112055	      0.04592854	     -0.33906349	     -1.04050087	      0.03163362	     -0.27808086	     -1.13012332	      0.01264725	     -0.22770558	     -1.16058594	      0.94417871	     -0.51159441	     -0.95399358	      0.55446394	     -0.49844274	     -0.91282062	      0.56539330	     -0.38886309	     -0.96049129	      0.34677547	     -0.43336751	     -1.03241227	      0.15623162	     -0.38208942	     -0.96854290	      0.06048348	     -0.51785695	     -0.88082971	      0.05579266	     -0.46212867	     -0.92218246	      0.05136801	     -0.40689485	     -1.21794993	      0.10887289	     -0.35593195	     -1.25229775	      0.08913924	     -0.27190032	     -1.29136688	      0.04494700	     -0.34653464	     -1.15702812	      0.96815877	     -0.15333594	     -1.07095678	      0.13198370	     -0.46292583	     -1.12103948	      0.10280142	     -0.39882586
      0.04166667	     -1.12221354	      1.54671630	     -0.50521178	     -1.12315078	      1.54498095	     -0.17116162	     -1.04307268	      1.07829252	     -0.20586782	     -1.04515039	      1.05882333	     -0.47030402	     -1.24850360	      1.07239850	     -0.38540291	     -1.24451684	      1.07974811	     -0.29412246	     -1.14209673	      0.52276250	     -0.20597119	     -1.13291960	      0.53296965	     -0.32249012	     -1.15134752	      0.30920776	     -0.29036403	     -1.08070538	      0.04581777	     -0.33916972	     -1.04026837	      0.03152746	     -0.27818074	     -1.12997518	      0.01212718	     -0.22805297	     -1.15031243	      0.94321412	     -0.51138972	     -0.94226850	      0.55431195	     -0.49711377	     -0.90120597	      0.56567544	     -0.38753684	     -0.93822246	      0.34518866	     -0.43194284	     -1.00038146	      0.15135962	     -0.38021674	     -0.93212015	      0.05729055	     -0.51491920	     -0.84429223	      0.05802578	     -0.45917531	     -0.88536186	      0.05240145	     -0.40385737	     -1.21709215	      0.10871150	     -0.35618858	     -1.25208888	      0.08925031	     -0.27236139	     -1.29093668	      0.04509609	     -0.34708050	     -1.14797868	      0.96757434	     -0.15331426	     -1.03854682	      0.12536966	     -0.46069091	     -1.08657505	      0.09379712	     -0.39649045
      0.05000000	     -1.11194458	      1.54545107	     -0.50504307	     -1.11282776	      1.54364554	     -0.17099313	     -1.03379154	      1.07734385	     -0.20535744	     -1.03539646	      1.05735523	     -0.46975818	     -1.23889856	      1.07116770	     -0.38525302	     -1.23507479	      1.07869548	     -0.29398011	     -1.13802055	      0.52203139	     -0.20601617	     -1.12818324	      0.53225176	     -0.32248006	     -1.14891229	      0.30860602	     -0.29036829	     -1.08034900	      0.04572649	     -0.33922996	     -1.04010001	      0.03147929	     -0.27822380	     -1.12990288	      0.01183383	     -0.22830115	     -1.14004370	      0.94184987	     -0.51103493	     -0.93051109	      0.55377218	     -0.49610962	     -0.89008231	      0.56516743	     -0.38630059	     -0.91606190	      0.34356601	     -0.43044483	     -0.96846364	      0.14699269	     -0.37827187	     -0.89557706	      0.05476640	     -0.51182042	     -0.80805189	      0.06049013	     -0.45589342	     -0.84898604	      0.05371746	     -0.40058578	     -1.21624110	      0.10871664	     -0.35643676	     -1.25183791	      0.08962874	     -0.27277658	     -1.29056608	      0.04549449	     -0.34753789	     -1.13931393	      0.96682931	     -0.15293084	     -1.00576599	      0.11911824	     -0.45851971	     -1.05197850	      0.08548638	     -0.39430750
      0.05833333	     -1.10045086	      1.54424084	     -0.50432765	     -1.10192156	      1.54180791	     -0.17028376	     -1.02450683	      1.07622984	     -0.20499809	     -1.02585542	      1.05498361	     -0.46930218	     -1.22941208	      1.06991024	     -0.38511848	     -1.22567462	      1.07786072	     -0.29387785	     -1.13331128	      0.52118164	     -0.20633645	     -1.12342994	      0.53157196	     -0.32278157	     -1.14629012	      0.30801551	     -0.29076965	     -1.08001909	      0.04564597	     -0.33930698	     -1.03992704	      0.03152801	     -0.27819685	     -1.12985716	      0.01212647	     -0.22839210	     -1.12992867	      0.94019505	     -0.51069181	     -0.91881586	      0.55298282	     -0.49555747	     -0.87934649	      0.56411938	     -0.38537350	     -0.89413685	      0.34210543	     -0.42910774	     -0.93685421	      0.14332603	     -0.37646742	     -0.85906455	      0.05287978	     -0.50853273	     -0.77224193	      0.06330168	     -0.45220434	     -0.81324747	      0.05558436	     -0.39700493	     -1.21557408	      0.10880901	     -0.35687926	     -1.25129683	      0.09002646	     -0.27320366	     -1.29022022	      0.04586734	     -0.34800961	     -1.13042681	      0.96585156	     -0.15225077	     -0.97291250	      0.11352077	     -0.45658989	     -1.01751838	      0.07811136	     -0.39247167
      0.06666667	     -1.09199747	      1.54296818	     -0.50501153	     -1.09203947	      1.54100900	     -0.17096129	     -1.01447340	      1.07509203	     -0.20468516	     -1.01548857	      1.05407643	     -0.46900917	     -1.21916194	      1.06865899	     -0.38504776	     -1.21554041	      1.07653420	     -0.29379593	     -1.12910314	      0.52050747	     -0.20613817	     -1.11903378	      0.53075208	     -0.32258009	     -1.14385210	      0.30744184	     -0.29089688	     -1.07959497	      0.04520844	     -0.33931293	     -1.03982068	      0.03117220	     -0.27805936	     -1.12999164	      0.01199666	     -0.22855800	     -1.11897520	      0.93920486	     -0.51075564	     -0.90811776	      0.55189742	     -0.49453656	     -0.86931127	      0.56296308	     -0.38411025	     -0.87272803	      0.34085974	     -0.42773777	     -0.90524288	      0.14023711	     -0.37480035	     -0.82282656	      0.05166788	     -0.50545658	     -0.73692621	      0.06692052	     -0.44880834	     -0.77784820	      0.05814580	     -0.39374287	     -1.21472335	      0.10892568	     -0.35739931	     -1.25075640	      0.09033861	     -0.27381315	     -1.28975946	      0.04636371	     -0.34879218	     -1.12050660	      0.96511121	     -0.15211468	     -0.94019575	      0.10862744	     -0.45472088	     -0.98294940	      0.07150718	     -0.39064589
      0.07500000	     -1.08178319	      1.54139355	     -0.50485410	     -1.08188029	      1.53932427	     -0.17080454	     -1.00507773	      1.07404474	     -0.20417968	     -1.00526993	      1.05283872	     -0.46849037	     -1.20922294	      1.06697241	     -0.38513317	     -1.20588709	      1.07492152	     -0.29387685	     -1.12433170	      0.51970903	     -0.20608158	     -1.11390467	      0.52989778	     -0.32249692	     -1.14107293	      0.30684759	     -0.29104322	     -1.07918130	      0.04493979	     -0.33930434	     -1.03971649	      0.03111054	     -0.27793793	     -1.13008697	      0.01199575	     -0.22870233	     -1.10815120	      0.93793230	     -0.51061782	     -0.89756966	      0.55051303	     -0.49350932	     -0.85944326	      0.56144276	     -0.38283285	     -0.85167323	      0.33981370	     -0.42646651	     -0.87409636	      0.13785869	     -0.37335903	     -0.78686781	      0.05140619	     -0.50237872	     -0.70236086	      0.07172759	     -0.44519618	     -0.74319500	      0.06171689	     -0.39043523	     -1.21381748	      0.10911716	     -0.35786301	     -1.25022885	      0.09083531	     -0.27437353	     -1.28930627	      0.04698678	     -0.34948290	     -1.11115300	      0.96417331	     -0.15183446	     -0.90782686	      0.10455120	     -0.45311509	     -0.94871057	      0.06576404	     -0.38917453
      0.08333333	     -1.07030936	      1.53972782	     -0.50449092	     -1.07106924	      1.53736211	     -0.17044418	     -0.99572732	      1.07265499	     -0.20371862	     -0.99559806	      1.05004932	     -0.46791331	     -1.19962316	      1.06538027	     -0.38494504	     -1.19639599	      1.07380050	     -0.29372708	     -1.11952909	      0.51870117	     -0.20644906	     -1.10904860	      0.52910098	     -0.32284093	     -1.13843105	      0.30619424	     -0.29151433	     -1.07892174	      0.04482413	     -0.33944801	     -1.03962705	      0.03113457	     -0.27797632	     -1.13013412	      0.01230481	     -0.22886191	     -1.09790975	      0.93604565	     -0.51017312	     -0.88689316	      0.54887619	     -0.49277261	     -0.84984703	      0.55936886	     -0.38168773	     -0.83106481	      0.33890959	     -0.42519747	     -0.84385625	      0.13615006	     -0.37196234	     -0.75154485	      0.05274935	     -0.49941465	     -0.66866919	      0.07764944	     -0.44166702	     -0.70959780	      0.06641270	     -0.38717060	     -1.21319472	      0.10923754	     -0.35839054	     -1.24972161	      0.09127097	     -0.27488309	     -1.28901998	      0.04742438	     -0.35004361	     -1.10220769	      0.96287882	     -0.15103154	     -0.87592059	      0.10121902	     -0.45171111	     -0.91507596	      0.06070069	     -0.38802000
      0.09166667	     -1.06121490	      1.53786808	     -0.50512555	     -1.06087063	      1.53589078	     -0.17107559	     -0.98614465	      1.07136598	     -0.20329447	     -0.98489797	      1.04960016	     -0.46755678	     -1.18931503	      1.06353925	     -0.38531093	     -1.18647715	      1.07168759	     -0.29405534	     -1.11486134	      0.51783522	     -0.20643960	     -1.10452187	      0.52810221	     -0.32285588	     -1.13582047	      0.30551503	     -0.29187922	     -1.07850872	      0.04424204	     -0.33938939	     -1.03959231	      0.03101769	     -0.27773903	     -1.13034301	      0.01243601	     -0.22888562	     -1.08656926	      0.93501055	     -0.51045535	     -0.87727155	      0.54699475	     -0.49124116	     -0.84082791	      0.55750446	     -0.37995877	     -0.81116892	      0.33836262	     -0.42385038	     -0.81389630	      0.13518157	     -0.37075565	     -0.71724108	      0.05509902	     -0.49709017	     -0.63628686	      0.08501033	     -0.43893417	     -0.67672041	      0.07200052	     -0.38476304	     -1.21239834	      0.10934897	     -0.35902595	     -1.24899022	      0.09155510	     -0.27550997	     -1.28854532	      0.04789511	     -0.35086015	     -1.09194418	      0.96176732	     -0.15108611	     -0.84470707	      0.09881200	     -0.45035537	     -0.88169101	      0.05658610	     -0.38677959
      0.10000000	     -1.05113255	      1.53656774	     -0.50473326	     -1.05113268	      1.53424658	     -0.17068534	     -0.97642873	      1.06989144	     -0.20287682	     -0.97477470	      1.04719337	     -0.46705844	     -1.17929614	      1.06202440	     -0.38522916	     -1.17659708	      1.07048501	     -0.29399778	     -1.11000841	      0.51695327	     -0.20658636	     -1.09955681	      0.52730587	     -0.32298504	     -1.13308551	      0.30496626	     -0.29217182	     -1.07819012	      0.04394174	     -0.33938867	     -1.03950834	      0.03079339	     -0.27762609	     -1.13045316	      0.01263500	     -0.22894428	     -1.07609444	      0.93321857	     -0.51009988	     -0.86749054	      0.54487271	     -0.49002798	     -0.83190235	      0.55511024	     -0.37844376	     -0.79179753	      0.33789574	     -0.42267115	     -0.78504152	      0.13475023	     -0.36980070	     -0.68406485	      0.05887077	     -0.49519491	     -0.60505544	      0.09306714	     -0.43673279	     -0.64521675	      0.07851609	     -0.38272333	     -1.21162080	      0.10962192	     -0.35945312	     -1.24838730	      0.09213650	     -0.27594868	     -1.28817718	      0.04860884	     -0.35138660	     -1.08260327	      0.96053935	     -0.15050372	     -0.81430249	      0.09708055	     -0.44938057	     -0.84917000	      0.05308213	     -0.38601066
      0.10833333	     -1.04108389	      1.53465831	     -0.50539142	     -1.04049577	      1.53283474	     -0.17134093	     -0.96656745	      1.06822160	     -0.20253486	     -0.96407925	      1.04618397	     -0.46676586	     -1.16887352	      1.06039925	     -0.38551168	     -1.16646382	      1.06863837	     -0.29425193	     -1.10488537	      0.51597846	     -0.20651813	     -1.09454329	      0.52620447	     -0.32293778	     -1.13030856	      0.30427112	     -0.29240065	     -1.07795207	      0.04362689	     -0.33938541	     -1.03951765	      0.03082623	     -0.27753319	     -1.13061369	      0.01287690	     -0.22897394	     -1.06494873	      0.93194205	     -0.51035510	     -0.85832068	      0.54264268	     -0.48840468	     -0.82341107	      0.55286493	     -0.37660492	     -0.77314802	      0.33779585	     -0.42149450	     -0.75689058	      0.13507738	     -0.36905459	     -0.65212576	      0.06336687	     -0.49368662	     -0.57517429	      0.10168181	     -0.43502591	     -0.61487998	      0.08559475	     -0.38115377	     -1.21095865	      0.10985426	     -0.35986639	     -1.24778205	      0.09262031	     -0.27633475	     -1.28788694	      0.04924560	     -0.35187857	     -1.07242700	      0.95923584	     -0.15053366	     -0.78481523	      0.09625250	     -0.44855936	     -0.81740240	      0.05064260	     -0.38535314
      0.11666667	     -1.03077670	      1.53303099	     -0.50572654	     -1.03059908	      1.53131586	     -0.17167501	     -0.95695892	      1.06671415	     -0.20224258	     -0.95361432	      1.04430730	     -0.46643307	     -1.15866464	      1.05880316	     -0.38587719	     -1.15655021	      1.06716713	     -0.29462148	     -1.09985292	      0.51516742	     -0.20637799	     -1.08937264	      0.52529450	     -0.32279393	     -1.12742965	      0.30377659	     -0.29255769	     -1.07753540	      0.04347618	     -0.33935986	     -1.03938103	      0.03079502	     -0.27738887	     -1.13069066	      0.01319166	     -0.22905634	     -1.05402455	      0.93033578	     -0.51040879	     -0.84894835	      0.54030937	     -0.48686897	     -0.81497684	      0.55035440	     -0.37476457	     -0.75499309	      0.33784840	     -0.42024414	     -0.72981776	      0.13592206	     -0.36827314	     -0.62174754	      0.06858271	     -0.49251995	     -0.54664964	      0.11018988	     -0.43371371	     -0.58590749	      0.09263467	     -0.37990573	     -1.21005428	      0.11029398	     -0.36031924	     -1.24709040	      0.09332937	     -0.27682652	     -1.28739974	      0.05013791	     -0.35250813	     -1.06294381	      0.95807216	     -0.15035989	     -0.75618366	      0.09608277	     -0.44780826	     -0.78673350	      0.04904595	     -0.38475927
      0.12500000	     -1.01916126	      1.53127765	     -0.50539198	     -1.01985345	      1.52921892	     -0.17134306	     -0.94738362	      1.06506128	     -0.20184929	     -0.94344888	      1.04154326	     -0.46593506	     -1.14865104	      1.05707466	     -0.38596091	     -1.14673835	      1.06581127	     -0.29473567	     -1.09436811	      0.51414293	     -0.20638449	     -1.08366201	      0.52431149	     -0.32277627	     -1.12431292	      0.30321988	     -0.29282001	     -1.07718079	      0.04341932	     -0.33944443	     -1.03927160	      0.03074764	     -0.27735892	     -1.13078971	      0.01360188	     -0.22923326	     -1.04364240	      0.92827582	     -0.51003431	     -0.83935205	      0.53787417	     -0.48588929	     -0.80616617	      0.54762001	     -0.37352346	     -0.73733632	      0.33795899	     -0.41927713	     -0.70395212	      0.13717539	     -0.36750388	     -0.59287730	      0.07419566	     -0.49128866	     -0.51971687	      0.11896086	     -0.43237853	     -0.55852784	      0.10005486	     -0.37861042	     -1.20916730	      0.11079613	     -0.36084069	     -1.24642385	      0.09416318	     -0.27737932	     -1.28697167	      0.05113833	     -0.35317403	     -1.05382486	      0.95666091	     -0.14982482	     -0.72880146	      0.09636318	     -0.44703400	     -0.75732449	      0.04805191	     -0.38410638
      0.13333333	     -1.01042051	      1.52982168	     -0.50618806	     -1.00998698	      1.52815003	     -0.17213654	     -0.93759393	      1.06312093	     -0.20145974	     -0.93173839	      1.04172439	     -0.46569027	     -1.13755320	      1.05570565	     -0.38701500	     -1.13630690	      1.06372394	     -0.29571228	     -1.08886100	      0.51322400	     -0.20588963	     -1.07798994	      0.52292955	     -0.32230564	     -1.12114792	      0.30254713	     -0.29279945	     -1.07670437	      0.04317798	     -0.33941739	     -1.03913765	      0.03070814	     -0.27722464	     -1.13088730	      0.01378186	     -0.22937385	     -1.03145944	      0.92771954	     -0.51104715	     -0.83061261	      0.53570247	     -0.48432374	     -0.79823899	      0.54545563	     -0.37172184	     -0.72056178	      0.33874582	     -0.41776851	     -0.67881958	      0.13950062	     -0.36611615	     -0.56592292	      0.07942111	     -0.49020195	     -0.49364716	      0.12607430	     -0.43169909	     -0.53193098	      0.10637535	     -0.37767202	     -1.20811511	      0.11124542	     -0.36131472	     -1.24566111	      0.09487039	     -0.27793210	     -1.28639504	      0.05211600	     -0.35391678	     -1.04353232	      0.95544089	     -0.15062253	     -0.70230543	      0.09769165	     -0.44554278	     -0.72920359	      0.04879458	     -0.38242506
      0.14166667	     -0.99986524	      1.52850569	     -0.50601673	     -1.00001574	      1.52632640	     -0.17196788	     -0.92775724	      1.06180894	     -0.20145705	     -0.92141882	      1.03936817	     -0.46558979	     -1.12736112	      1.05407351	     -0.38738151	     -1.12628041	      1.06244600	     -0.29610849	     -1.08305133	      0.51258441	     -0.20569891	     -1.07181214	      0.52215313	     -0.32209129	     -1.11771637	      0.30236964	     -0.29289231	     -1.07624669	      0.04305099	     -0.33943387	     -1.03899805	      0.03039236	     -0.27712606	     -1.13103366	      0.01422165	     -0.22953957	     -1.02121900	      0.92570183	     -0.51083390	     -0.82106365	      0.53337761	     -0.48343831	     -0.78895502	      0.54312911	     -0.37076042	     -0.70410692	      0.33930145	     -0.41673041	     -0.65526582	      0.14174216	     -0.36482762	     -0.54041936	      0.08434778	     -0.48854167	     -0.46954761	      0.13340598	     -0.43030704	     -0.50742081	      0.11303937	     -0.37614568	     -1.20691766	      0.11222941	     -0.36176756	     -1.24479995	      0.09622450	     -0.27846521	     -1.28580305	      0.05384339	     -0.35459819	     -1.03416029	      0.95442812	     -0.15048374	     -0.67767964	      0.09895270	     -0.44404156	     -0.70286774	      0.04952843	     -0.38078012
      0.15000000	     -0.99015087	      1.52664257	     -0.50694073	     -0.98914714	      1.52495353	     -0.17289052	     -0.91811928	      1.05993861	     -0.20086460	     -0.90957009	      1.03941457	     -0.46509091	     -1.11620065	      1.05247608	     -0.38842134	     -1.11588733	      1.06020346	     -0.29708558	     -1.07737256	      0.51169284	     -0.20525179	     -1.06561906	      0.52079308	     -0.32163094	     -1.11436140	      0.30181918	     -0.29285582	     -1.07580373	      0.04279701	     -0.33944385	     -1.03897669	      0.03027441	     -0.27703445	     -1.13129886	      0.01436082	     -0.22980274	     -1.00930487	      0.92491254	     -0.51145807	     -0.81163319	      0.53144470	     -0.48247647	     -0.77974975	      0.54131022	     -0.36974457	     -0.68838753	      0.34023192	     -0.41549659	     -0.63299532	      0.14452247	     -0.36316552	     -0.51707136	      0.08888028	     -0.48709614	     -0.44706166	      0.13978550	     -0.42939898	     -0.48421750	      0.11885808	     -0.37499384	     -1.20570132	      0.11291271	     -0.36232050	     -1.24409835	      0.09728172	     -0.27918299	     -1.28519960	      0.05525216	     -0.35552292	     -1.02416824	      0.95318012	     -0.15118519	     -0.65450486	      0.10073921	     -0.44208656	     -0.67829290	      0.05120187	     -0.37845744
      0.15833333	     -0.98016123	      1.52490197	     -0.50725253	     -0.97832618	      1.52306909	     -0.17320661	     -0.90803548	      1.05863760	     -0.20061654	     -0.89825816	      1.03847724	     -0.46482826	     -1.10527390	      1.05048929	     -0.38903113	     -1.10538811	      1.05810606	     -0.29768561	     -1.07140187	      0.51112563	     -0.20500441	     -1.05898951	      0.51988627	     -0.32134121	     -1.11074695	      0.30168685	     -0.29278012	     -1.07536380	      0.04247435	     -0.33952557	     -1.03890125	      0.02990439	     -0.27710490	     -1.13148103	      0.01446089	     -0.23009247	     -0.99821006	      0.92335593	     -0.51142454	     -0.80177028	      0.52932478	     -0.48172882	     -0.76952955	      0.53944955	     -0.36912159	     -0.67313333	      0.34074864	     -0.41460939	     -0.61220791	      0.14684314	     -0.36171537	     -0.49518278	      0.09258440	     -0.48534740	     -0.42651560	      0.14583043	     -0.42811846	     -0.46296791	      0.12444436	     -0.37357927	     -1.20428763	      0.11401437	     -0.36265973	     -1.24325250	      0.09889339	     -0.27969226	     -1.28455862	      0.05735665	     -0.35614925	     -1.01407333	      0.95216480	     -0.15149926	     -0.63325699	      0.10207196	     -0.44020514	     -0.65550345	      0.05248883	     -0.37624174
      0.16666667	     -0.97001060	      1.52346233	     -0.50793848	     -0.96869929	      1.52199117	     -0.17388831	     -0.89785822	      1.05699130	     -0.20038455	     -0.88695231	      1.03692026	     -0.46455889	     -1.09428354	      1.04911185	     -0.38965804	     -1.09478732	      1.05669446	     -0.29831100	     -1.06514700	      0.51046694	     -0.20464367	     -1.05215139	      0.51889345	     -0.32094145	     -1.10699907	      0.30154793	     -0.29264133	     -1.07496472	      0.04218531	     -0.33944785	     -1.03886636	      0.02934644	     -0.27695461	     -1.13174966	      0.01475875	     -0.23021069	     -0.98738059	      0.92165907	     -0.51138103	     -0.79144520	      0.52742875	     -0.48100434	     -0.75901601	      0.53778950	     -0.36847272	     -0.65852337	      0.34113347	     -0.41372671	     -0.59316736	      0.14879823	     -0.36039028	     -0.47525492	      0.09576351	     -0.48382820	     -0.40751353	      0.15064267	     -0.42704154	     -0.44356390	      0.12902837	     -0.37231991	     -1.20288790	      0.11521868	     -0.36293158	     -1.24234322	      0.10060263	     -0.28010553	     -1.28391443	      0.05958176	     -0.35670134	     -1.00432337	      0.95111015	     -0.15173837	     -0.61373853	      0.10324787	     -0.43855778	     -0.63479038	      0.05364276	     -0.37433531
      0.17500000	     -0.96004003	      1.52173231	     -0.50865490	     -0.95718469	      1.52031712	     -0.17461412	     -0.88759781	      1.05536138	     -0.20013566	     -0.87529493	      1.03599768	     -0.46430143	     -1.08303860	      1.04736555	     -0.39042076	     -1.08402745	      1.05471353	     -0.29905851	     -1.05857037	      0.50976576	     -0.20412360	     -1.04476071	      0.51769315	     -0.32036265	     -1.10304562	      0.30136990	     -0.29220313	     -1.07459061	      0.04207511	     -0.33942685	     -1.03876413	      0.02893113	     -0.27698676	     -1.13184963	      0.01487723	     -0.23038017	     -0.97611156	      0.92003827	     -0.51145799	     -0.78033844	      0.52578881	     -0.48029353	     -0.74744915	      0.53657532	     -0.36793558	     -0.64431993	      0.34124021	     -0.41320408	     -0.57576844	      0.15009141	     -0.35961438	     -0.45686398	      0.09776166	     -0.48230642	     -0.39044426	      0.15445166	     -0.42570647	     -0.42620977	      0.13266943	     -0.37101071	     -1.20140570	      0.11648326	     -0.36288696	     -1.24150968	      0.10252512	     -0.28025920	     -1.28329606	      0.06200470	     -0.35689534	     -0.99426983	      0.95004014	     -0.15226972	     -0.59628960	      0.10392642	     -0.43743367	     -0.61624109	      0.05432177	     -0.37309869
      0.18333333	     -0.94930677	      1.52045296	     -0.50890190	     -0.94743737	      1.51889760	     -0.17485477	     -0.87709123	      1.05399870	     -0.20026602	     -0.86407781	      1.03422249	     -0.46436718	     -1.07201514	      1.04585028	     -0.39107410	     -1.07324928	      1.05333862	     -0.29972623	     -1.05182586	      0.50930622	     -0.20385102	     -1.03758052	      0.51691815	     -0.32005857	     -1.09900623	      0.30153484	     -0.29198439	     -1.07419915	      0.04182066	     -0.33926993	     -1.03865324	      0.02819461	     -0.27680739	     -1.13198695	      0.01537527	     -0.23031713	     -0.96501797	      0.91812917	     -0.51152367	     -0.76831317	      0.52440586	     -0.47958393	     -0.73541993	      0.53550526	     -0.36725761	     -0.63056280	      0.34100748	     -0.41250107	     -0.56017598	      0.15055739	     -0.35880295	     -0.44078608	      0.09884781	     -0.48130478	     -0.37481640	      0.15619452	     -0.42485106	     -0.41052679	      0.13435725	     -0.37009136	     -1.19987427	      0.11807250	     -0.36284474	     -1.24033219	      0.10469866	     -0.28029293	     -1.28256943	      0.06480587	     -0.35698456	     -0.98410877	      0.94913265	     -0.15254775	     -0.58046957	      0.10409773	     -0.43650646	     -0.59991136	      0.05445717	     -0.37211214
      0.19166667	     -0.93862995	      1.51891258	     -0.50986076	     -0.93663770	      1.51769965	     -0.17581291	     -0.86657763	      1.05237805	     -0.20008702	     -0.85196411	      1.03320951	     -0.46414929	     -1.06034925	      1.04442026	     -0.39207319	     -1.06213769	      1.05170238	     -0.30071781	     -1.04483593	      0.50873710	     -0.20346318	     -1.03001021	      0.51589336	     -0.31962708	     -1.09485959	      0.30160919	     -0.29150325	     -1.07393363	      0.04166794	     -0.33927593	     -1.03854700	      0.02768462	     -0.27697225	     -1.13198384	      0.01558767	     -0.23037463	     -0.95363228	      0.91637663	     -0.51156015	     -0.75555586	      0.52338970	     -0.47903357	     -0.72189759	      0.53515364	     -0.36700191	     -0.61717456	      0.34050578	     -0.41216760	     -0.54622972	      0.15034866	     -0.35816645	     -0.42687777	      0.09810535	     -0.48035378	     -0.36127046	      0.15622650	     -0.42424998	     -0.39683541	      0.13460944	     -0.36940389	     -1.19836975	      0.11966825	     -0.36247595	     -1.23927388	      0.10701451	     -0.28003057	     -1.28196605	      0.06776047	     -0.35665384	     -0.97372229	      0.94813824	     -0.15312028	     -0.56703335	      0.10354149	     -0.43552576	     -0.58597753	      0.05412673	     -0.37095742
      0.20000000	     -0.92840379	      1.51762886	     -0.51035841	     -0.92632858	      1.51636990	     -0.17631124	     -0.85514232	      1.05096079	     -0.20048009	     -0.84026408	      1.03175405	     -0.46452480	     -1.04872521	      1.04284294	     -0.39264986	     -1.05060566	      1.05014039	     -0.30129755	     -1.03760598	      0.50844248	     -0.20294553	     -1.02264111	      0.51519190	     -0.31911594	     -1.09058434	      0.30200683	     -0.29105654	     -1.07363075	      0.04135436	     -0.33926299	     -1.03841164	      0.02669163	     -0.27706380	     -1.13197610	      0.01601060	     -0.23034551	     -0.94217245	      0.91440962	     -0.51173333	     -0.74185447	      0.52259706	     -0.47876981	     -0.70772302	      0.53493839	     -0.36694361	     -0.60415863	      0.33958782	     -0.41169684	     -0.53402885	      0.14926107	     -0.35723062	     -0.41545112	      0.09630844	     -0.47982671	     -0.34929070	      0.15423357	     -0.42418171	     -0.38473314	      0.13291287	     -0.36909509	     -1.19674550	      0.12162892	     -0.36210297	     -1.23783034	      0.10954127	     -0.27966250	     -1.28119515	      0.07115843	     -0.35626412	     -0.96235191	      0.94726222	     -0.15355949	     -0.55523984	      0.10230341	     -0.43438784	     -0.57418047	      0.05313755	     -0.36957390
      0.20833333	     -0.91868893	      1.51636191	     -0.51131891	     -0.91462620	      1.51508951	     -0.17729006	     -0.84423961	      1.04959249	     -0.20029079	     -0.82793175	      1.03043771	     -0.46425483	     -1.03678299	      1.04137476	     -0.39349785	     -1.03915854	      1.04865644	     -0.30215582	     -1.03033006	      0.50813521	     -0.20244216	     -1.01463859	      0.51440590	     -0.31854351	     -1.08618195	      0.30243913	     -0.29024320	     -1.07346439	      0.04116584	     -0.33918417	     -1.03839622	      0.02668559	     -0.27736598	     -1.13197884	      0.01610768	     -0.23029134	     -0.93097872	      0.91224572	     -0.51127302	     -0.72797712	      0.52182704	     -0.47818863	     -0.69250370	      0.53513454	     -0.36689213	     -0.59161626	      0.33829120	     -0.41139699	     -0.52308527	      0.14752538	     -0.35643397	     -0.40582417	      0.09272942	     -0.47935558	     -0.33915619	      0.15076173	     -0.42438902	     -0.37421348	      0.12990791	     -0.36906736	     -1.19501743	      0.12365428	     -0.36126990	     -1.23660342	      0.11243857	     -0.27895758	     -1.28049034	      0.07489568	     -0.35539694	     -0.95176947	      0.94647424	     -0.15394428	     -0.54550105	      0.10035564	     -0.43311979	     -0.56431093	      0.05170105	     -0.36794177
      0.21666667	     -0.90782046	      1.51481840	     -0.51226149	     -0.90396673	      1.51402566	     -0.17822867	     -0.83244762	      1.04823769	     -0.20060874	     -0.81588324	      1.02916753	     -0.46456294	     -1.02481015	      1.03983044	     -0.39398772	     -1.02727527	      1.04708685	     -0.30264605	     -1.02259553	      0.50796394	     -0.20173166	     -1.00683803	      0.51379704	     -0.31784687	     -1.08160302	      0.30309007	     -0.28950802	     -1.07321479	      0.04107818	     -0.33893079	     -1.03828493	      0.02591007	     -0.27727642	     -1.13193431	      0.01681042	     -0.22996936	     -0.91927500	      0.91028055	     -0.51129690	     -0.71353719	      0.52132262	     -0.47791052	     -0.67736457	      0.53535885	     -0.36692905	     -0.57956639	      0.33681657	     -0.41081371	     -0.51365345	      0.14531456	     -0.35521254	     -0.39828709	      0.08870169	     -0.47916929	     -0.33006709	      0.14559982	     -0.42494256	     -0.36493604	      0.12533991	     -0.36921332	     -1.19324780	      0.12602586	     -0.36048468	     -1.23494295	      0.11544166	     -0.27814396	     -1.27958527	      0.07887871	     -0.35450781	     -0.93992604	      0.94566580	     -0.15432121	     -0.53689564	      0.09816123	     -0.43166206	     -0.55617292	      0.05001907	     -0.36607581
      0.22500000	     -0.89708549	      1.51342116	     -0.51302387	     -0.89329305	      1.51294341	     -0.17898975	     -0.82056551	      1.04685955	     -0.20085747	     -0.80359463	      1.02796872	     -0.46479874	     -1.01263674	      1.03833073	     -0.39452045	     -1.01524335	      1.04552912	     -0.30317813	     -1.01462268	      0.50781275	     -0.20089944	     -0.99880914	      0.51317965	     -0.31702952	     -1.07685029	      0.30382523	     -0.28864260	     -1.07300517	      0.04096393	     -0.33874271	     -1.03820088	      0.02502987	     -0.27731447	     -1.13186463	      0.01743157	     -0.22969551	     -0.90729876	      0.90835299	     -0.51132327	     -0.69887765	      0.52086757	     -0.47746080	     -0.66207629	      0.53565556	     -0.36678407	     -0.56799860	      0.33510167	     -0.41014902	     -0.50538047	      0.14264654	     -0.35403290	     -0.39213503	      0.08395718	     -0.47907121	     -0.32217220	      0.13934662	     -0.42552243	     -0.35690726	      0.11973066	     -0.36941615	     -1.19134979	      0.12856942	     -0.35955976	     -1.23314345	      0.11863495	     -0.27718803	     -1.27858157	      0.08318346	     -0.35344500	     -0.92795147	      0.94486924	     -0.15469726	     -0.52954710	      0.09567102	     -0.43030505	     -0.54950536	      0.04807238	     -0.36434862
      0.23333333	     -0.88654678	      1.51222414	     -0.51421079	     -0.88183883	      1.51214396	     -0.18018799	     -0.80883800	      1.04570442	     -0.20096787	     -0.79141073	      1.02613234	     -0.46482976	     -1.00056174	      1.03712561	     -0.39497267	     -1.00332486	      1.04455257	     -0.30365324	     -1.00639384	      0.50773665	     -0.20024631	     -0.99026278	      0.51273274	     -0.31634926	     -1.07168684	      0.30469763	     -0.28760776	     -1.07293219	      0.03988416	     -0.33846945	     -1.03832353	      0.02646352	     -0.27797308	     -1.13196257	      0.01727740	     -0.22931887	     -0.89538721	      0.90637451	     -0.51111752	     -0.68379310	      0.52061821	     -0.47719134	     -0.64672238	      0.53592707	     -0.36667544	     -0.55681550	      0.33330304	     -0.40921064	     -0.49831497	      0.13974923	     -0.35243355	     -0.38747273	      0.07902707	     -0.47882788	     -0.31550759	      0.13232757	     -0.42582363	     -0.35004060	      0.11319593	     -0.36939162	     -1.18897660	      0.13117896	     -0.35823608	     -1.23093974	      0.12206521	     -0.27585562	     -1.27726770	      0.08811634	     -0.35192136	     -0.91663245	      0.94424690	     -0.15478631	     -0.52313782	      0.09309894	     -0.42869456	     -0.54420518	      0.04607386	     -0.36236568
      0.24166667	     -0.87612055	      1.51112668	     -0.51519663	     -0.87028822	      1.51136382	     -0.18119164	     -0.79640290	      1.04451566	     -0.20116523	     -0.77862527	      1.02482466	     -0.46499489	     -0.98786739	      1.03590094	     -0.39542430	     -0.99075159	      1.04336824	     -0.30411191	     -0.99801048	      0.50789105	     -0.19937374	     -0.98154937	      0.51236373	     -0.31545170	     -1.06645300	      0.30582879	     -0.28648214	     -1.07270642	      0.03980196	     -0.33819534	     -1.03823871	      0.02595489	     -0.27810343	     -1.13190687	      0.01787228	     -0.22899875	     -0.88257157	      0.90481419	     -0.51125772	     -0.66888704	      0.52024306	     -0.47698035	     -0.63177770	      0.53591727	     -0.36652864	     -0.54625218	      0.33121354	     -0.40826600	     -0.49225681	      0.13652427	     -0.35091083	     -0.38365320	      0.07392599	     -0.47845541	     -0.30972404	      0.12486694	     -0.42586706	     -0.34431047	      0.10630571	     -0.36914542	     -1.18654964	      0.13418807	     -0.35698204	     -1.22874575	      0.12589861	     -0.27463352	     -1.27580038	      0.09329023	     -0.35053021	     -0.90446888	      0.94372970	     -0.15510681	     -0.51764605	      0.09031311	     -0.42725270	     -0.53995764	      0.04381789	     -0.36065539
      0.25000000	     -0.86485274	      1.50997611	     -0.51611088	     -0.85929045	      1.51073082	     -0.18210206	     -0.78374594	      1.04327814	     -0.20144241	     -0.76553595	      1.02407494	     -0.46527854	     -0.97489922	      1.03476043	     -0.39601199	     -0.97793391	      1.04206309	     -0.30469117	     -0.98923756	      0.50810583	     -0.19827324	     -0.97280206	      0.51201560	     -0.31437515	     -1.06100212	      0.30707092	     -0.28524315	     -1.07246466	      0.03977282	     -0.33789916	     -1.03810229	      0.02470208	     -0.27809444	     -1.13172998	      0.01863478	     -0.22858171	     -0.86952616	      0.90350593	     -0.51160609	     -0.65436311	      0.51981949	     -0.47666971	     -0.61703977	      0.53596973	     -0.36635878	     -0.53625648	      0.32908379	     -0.40747064	     -0.48691860	      0.13330154	     -0.34964234	     -0.38015329	      0.06852109	     -0.47767602	     -0.30473677	      0.11744536	     -0.42530018	     -0.33956626	      0.09958445	     -0.36843898	     -1.18398522	      0.13741560	     -0.35557240	     -1.22621762	      0.12983555	     -0.27317414	     -1.27411838	      0.09872408	     -0.34889111	     -0.89163708	      0.94321271	     -0.15559929	     -0.51309147	      0.08756426	     -0.42600494	     -0.53657628	      0.04164216	     -0.35925394
      0.25833333	     -0.85429558	      1.50915226	     -0.51744130	     -0.84754518	      1.51046385	     -0.18345610	     -0.77111367	      1.04221524	     -0.20172093	     -0.75271685	      1.02266413	     -0.46551854	     -0.96211244	      1.03401497	     -0.39645581	     -0.96520997	      1.04142888	     -0.30514606	     -0.98039744	      0.50846079	     -0.19727936	     -0.96313476	      0.51167106	     -0.31328264	     -1.05512418	      0.30842635	     -0.28354606	     -1.07223336	      0.03944953	     -0.33767217	     -1.03797618	      0.02518807	     -0.27883984	     -1.13158225	      0.01847402	     -0.22836875	     -0.85602134	      0.90257974	     -0.51221969	     -0.63946258	      0.51971357	     -0.47691004	     -0.60315593	      0.53560169	     -0.36622238	     -0.52671387	      0.32700881	     -0.40635337	     -0.48278947	      0.13007135	     -0.34808409	     -0.37746949	      0.06387212	     -0.47678008	     -0.30019941	      0.10947331	     -0.42418172	     -0.33574502	      0.09224711	     -0.36724060	     -1.18081208	      0.14064060	     -0.35357800	     -1.22351344	      0.13421421	     -0.27132351	     -1.27202026	      0.10475227	     -0.34667485	     -0.87993213	      0.94305788	     -0.15608464	     -0.50871953	      0.08505433	     -0.42495584	     -0.53424392	      0.03959571	     -0.35826066
      0.26666667	     -0.84297329	      1.50832233	     -0.51863492	     -0.83628929	      1.51042723	     -0.18465244	     -0.75804878	      1.04103927	     -0.20209980	     -0.73943718	      1.02224319	     -0.46593722	     -0.94888757	      1.03344116	     -0.39701587	     -0.95205930	      1.04059300	     -0.30568776	     -0.97103539	      0.50888552	     -0.19618984	     -0.95361416	      0.51143680	     -0.31218578	     -1.04896859	      0.30991278	     -0.28197746	     -1.07200432	      0.03899692	     -0.33730578	     -1.03784813	      0.02524531	     -0.27935313	     -1.13141572	      0.01875680	     -0.22789772	     -0.84221003	      0.90204938	     -0.51311017	     -0.62541816	      0.51942270	     -0.47665357	     -0.58978720	      0.53531272	     -0.36574683	     -0.51781946	      0.32493130	     -0.40531067	     -0.47903668	      0.12697151	     -0.34685689	     -0.37480330	      0.05851197	     -0.47548125	     -0.29633095	      0.10139422	     -0.42239167	     -0.33258793	      0.08487346	     -0.36562724	     -1.17745689	      0.14410036	     -0.35162640	     -1.22025063	      0.13857298	     -0.26935460	     -1.26955552	      0.11099336	     -0.34440059	     -0.86701042	      0.94281236	     -0.15680432	     -0.50508933	      0.08265679	     -0.42409438	     -0.53253891	      0.03787377	     -0.35754925
      0.27500000	     -0.83102712	      1.50776332	     -0.51954006	     -0.82451447	      1.51031427	     -0.18555731	     -0.74498236	      1.04008582	     -0.20262651	     -0.72620730	      1.02200106	     -0.46650206	     -0.93569916	      1.03305211	     -0.39768311	     -0.93892736	      1.03995711	     -0.30633799	     -0.96126823	      0.50945074	     -0.19504025	     -0.94398341	      0.51140004	     -0.31106827	     -1.04255794	      0.31165883	     -0.28050326	     -1.07172104	      0.03898753	     -0.33710502	     -1.03768282	      0.02352896	     -0.27953717	     -1.13109654	      0.01956319	     -0.22752972	     -0.82957399	      0.90117350	     -0.51354149	     -0.61241011	      0.51883838	     -0.47624966	     -0.57609546	      0.53537490	     -0.36565964	     -0.50881913	      0.32318305	     -0.40428184	     -0.47416722	      0.12472420	     -0.34493238	     -0.37229878	      0.05190556	     -0.47362329	     -0.29193209	      0.09181081	     -0.42107881	     -0.32869145	      0.07701223	     -0.36401934	     -1.17393295	      0.14796261	     -0.34977182	     -1.21663908	      0.14319983	     -0.26740674	     -1.26679480	      0.11760774	     -0.34214365	     -0.85384691	      0.94271698	     -0.15754438	     -0.50123952	      0.08060763	     -0.42193227	     -0.53019248	      0.03738287	     -0.35499324
      0.28333333	     -0.81955511	      1.50718974	     -0.52120543	     -0.81324941	      1.51114350	     -0.18723236	     -0.73195616	      1.03860399	     -0.20305788	     -0.71277269	      1.02272094	     -0.46704575	     -0.92236583	      1.03335909	     -0.39847053	     -0.92573490	      1.03949932	     -0.30707590	     -0.95160517	      0.50994599	     -0.19389178	     -0.93258988	      0.51054789	     -0.30966363	     -1.03559926	      0.31309374	     -0.27808197	     -1.07122324	      0.03893729	     -0.33655287	     -1.03749404	      0.02453653	     -0.28025756	     -1.13115751	      0.01901720	     -0.22737148	     -0.81651464	      0.90123731	     -0.51465233	     -0.60014125	      0.51859192	     -0.47597375	     -0.56360266	      0.53555346	     -0.36552195	     -0.49935489	      0.32217143	     -0.40347761	     -0.46752993	      0.12341715	     -0.34353651	     -0.36864225	      0.04560560	     -0.47286397	     -0.28543703	      0.08040067	     -0.42121948	     -0.32299551	      0.06811104	     -0.36352574	     -1.16949805	      0.15133199	     -0.34706188	     -1.21319493	      0.14833227	     -0.26513453	     -1.26339458	      0.12450848	     -0.33938957	     -0.84225654	      0.94298235	     -0.15943443	     -0.49516795	      0.07946389	     -0.42042875	     -0.52611554	      0.03833856	     -0.35301501
      0.29166667	     -0.80794486	      1.50715643	     -0.52247416	     -0.80178090	      1.51252606	     -0.18851821	     -0.71890414	      1.03705360	     -0.20346753	     -0.69968249	      1.02408940	     -0.46761205	     -0.90926822	      1.03449237	     -0.39897816	     -0.91264889	      1.03961366	     -0.30752120	     -0.94076460	      0.51021816	     -0.19277225	     -0.92141244	      0.50994017	     -0.30848950	     -1.02813720	      0.31466870	     -0.27616552	     -1.07068663	      0.03902302	     -0.33600752	     -1.03717165	      0.02337747	     -0.28032976	     -1.13076272	      0.01963634	     -0.22680807	     -0.80324350	      0.90216464	     -0.51620305	     -0.58730846	      0.51945478	     -0.47575316	     -0.55128044	      0.53660932	     -0.36516353	     -0.48990960	      0.32208781	     -0.40314743	     -0.46136646	      0.12276646	     -0.34343718	     -0.36385778	      0.04199605	     -0.47267183	     -0.27974900	      0.07377135	     -0.42053272	     -0.31780768	      0.06231607	     -0.36307505	     -1.16502499	      0.15518296	     -0.34457613	     -1.20881660	      0.15334017	     -0.26266517	     -1.25960961	      0.13158750	     -0.33648269	     -0.82971421	      0.94302584	     -0.16098791	     -0.48912053	      0.07938170	     -0.42060997	     -0.52185838	      0.03944991	     -0.35332468
      0.30000000	     -0.79588079	      1.50716089	     -0.52363038	     -0.78993298	      1.51389679	     -0.18969528	     -0.70566912	      1.03612017	     -0.20405365	     -0.68707558	      1.02553744	     -0.46834924	     -0.89648812	      1.03558646	     -0.39913639	     -0.89965049	      1.03987892	     -0.30762898	     -0.92969342	      0.51083995	     -0.19199871	     -0.90844057	      0.50930463	     -0.30737213	     -1.01981515	      0.31649347	     -0.27362796	     -1.06987446	      0.03921982	     -0.33546403	     -1.03678664	      0.02351224	     -0.28100221	     -1.13066836	      0.01926806	     -0.22676477	     -0.78884950	      0.90391784	     -0.51829377	     -0.57353077	      0.52104390	     -0.47614688	     -0.53968150	      0.53748535	     -0.36476345	     -0.48102314	      0.32220414	     -0.40251324	     -0.45713508	      0.12211894	     -0.34331612	     -0.35954890	      0.04055332	     -0.47232403	     -0.27520060	      0.06903300	     -0.41869244	     -0.31424556	      0.05764098	     -0.36186776	     -1.15936662	      0.15903358	     -0.34134612	     -1.20401159	      0.15921419	     -0.25987650	     -1.25477083	      0.13955777	     -0.33302891	     -0.81828424	      0.94374713	     -0.16294211	     -0.48369181	      0.07961784	     -0.42139660	     -0.51894493	      0.04023072	     -0.35481991
      0.30833333	     -0.78379913	      1.50742002	     -0.52470811	     -0.77725321	      1.51539042	     -0.19081138	     -0.69258186	      1.03499044	     -0.20458642	     -0.67412942	      1.02762496	     -0.46900111	     -0.88349583	      1.03708270	     -0.39956573	     -0.88660857	      1.04025716	     -0.30801102	     -0.91661674	      0.51084390	     -0.19074874	     -0.89536467	      0.50855909	     -0.30610989	     -1.01056865	      0.31825989	     -0.27165467	     -1.06908173	      0.03943530	     -0.33498714	     -1.03634037	      0.02196198	     -0.28113539	     -1.13004147	      0.02049413	     -0.22620000	     -0.77515252	      0.90571358	     -0.52019118	     -0.56033196	      0.52273125	     -0.47651473	     -0.52750636	      0.53903192	     -0.36480470	     -0.47292537	      0.32253268	     -0.40236207	     -0.45398520	      0.12183825	     -0.34343803	     -0.35729595	      0.03775618	     -0.47191903	     -0.27246092	      0.06276582	     -0.41735158	     -0.31250176	      0.05242882	     -0.36090928	     -1.15351643	      0.16357046	     -0.33867027	     -1.19792184	      0.16483062	     -0.25707936	     -1.24931271	      0.14783121	     -0.32975068	     -0.80533261	      0.94396434	     -0.16452959	     -0.48030665	      0.08010482	     -0.42201072	     -0.51772791	      0.04185494	     -0.35590523
      0.31666667	     -0.77215167	      1.50774871	     -0.52590787	     -0.76591802	      1.51722664	     -0.19204455	     -0.67911887	      1.03433841	     -0.20526071	     -0.66148172	      1.02952647	     -0.46978981	     -0.87062372	      1.03855751	     -0.39962517	     -0.87345342	      1.04084386	     -0.30803479	     -0.90361104	      0.51117307	     -0.19018584	     -0.88023099	      0.50767770	     -0.30510417	     -1.00034301	      0.32014626	     -0.26920217	     -1.06769737	      0.03957680	     -0.33421702	     -1.03569621	      0.02205953	     -0.28152194	     -1.12995170	      0.02078716	     -0.22613905	     -0.76083194	      0.90785482	     -0.52221350	     -0.54630968	      0.52486426	     -0.47716459	     -0.51545573	      0.54051183	     -0.36480112	     -0.46511195	      0.32306714	     -0.40191916	     -0.45211835	      0.12178303	     -0.34339652	     -0.35633038	      0.03727527	     -0.47240550	     -0.27071060	      0.05750770	     -0.41716949	     -0.31185568	      0.04801006	     -0.36081815	     -1.14606389	      0.16775088	     -0.33549735	     -1.19125537	      0.17119112	     -0.25440235	     -1.24229504	      0.15669358	     -0.32649603	     -0.79387124	      0.94484395	     -0.16669844	     -0.47742804	      0.08093997	     -0.42276546	     -0.51733348	      0.04343243	     -0.35727728
      0.32500000	     -0.76031119	      1.50799413	     -0.52724494	     -0.75368450	      1.51889359	     -0.19343259	     -0.66590461	      1.03366714	     -0.20600070	     -0.64895338	      1.03137774	     -0.47060849	     -0.85790178	      1.04001885	     -0.39982070	     -0.86049313	      1.04142729	     -0.30820556	     -0.88880182	      0.51085075	     -0.18922910	     -0.86441399	      0.50651111	     -0.30390895	     -0.98904377	      0.32190650	     -0.26715626	     -1.06637279	      0.03972426	     -0.33364517	     -1.03521119	      0.02067572	     -0.28161058	     -1.12959391	      0.02232689	     -0.22589583	     -0.74751885	      0.90958514	     -0.52389281	     -0.53331329	      0.52655727	     -0.47766946	     -0.50342392	      0.54201745	     -0.36501968	     -0.45758933	      0.32354523	     -0.40178734	     -0.44988766	      0.12193765	     -0.34344274	     -0.35480595	      0.03664344	     -0.47233508	     -0.26898719	      0.05418313	     -0.41652122	     -0.31087872	      0.04538216	     -0.36035739	     -1.13805738	      0.17247351	     -0.33287309	     -1.18336815	      0.17747564	     -0.25192608	     -1.23433653	      0.16600860	     -0.32360793	     -0.78172005	      0.94532678	     -0.16851690	     -0.47493347	      0.08177960	     -0.42324377	     -0.51642605	      0.04485308	     -0.35820374
      0.33333333	     -0.74841721	      1.50797093	     -0.52861584	     -0.74074275	      1.52009835	     -0.19486828	     -0.65324069	      1.03367376	     -0.20665756	     -0.63693626	      1.03320044	     -0.47131548	     -0.84572617	      1.04095633	     -0.39995980	     -0.84809479	      1.04174237	     -0.30833118	     -0.87266178	      0.51022837	     -0.18831188	     -0.84774621	      0.50540282	     -0.30285879	     -0.97672171	      0.32378390	     -0.26548791	     -1.06498484	      0.04013111	     -0.33312789	     -1.03485204	      0.01872340	     -0.28145886	     -1.12887317	      0.02505610	     -0.22542215	     -0.73465635	      0.91114981	     -0.52517706	     -0.52090861	      0.52796406	     -0.47814986	     -0.49174958	      0.54323767	     -0.36528343	     -0.45037217	      0.32389236	     -0.40164736	     -0.44769401	      0.12213693	     -0.34336701	     -0.35315298	      0.03599676	     -0.47190190	     -0.26738550	      0.05160819	     -0.41545239	     -0.30989640	      0.04335110	     -0.35956423	     -1.12928342	      0.17771394	     -0.33062215	     -1.17434146	      0.18396661	     -0.24962102	     -1.22527318	      0.17585247	     -0.32097631	     -0.76941747	      0.94573148	     -0.16980332	     -0.47259894	      0.08256246	     -0.42350296	     -0.51543514	      0.04617389	     -0.35887384
      0.34166667	     -0.73674151	      1.50847942	     -0.52969134	     -0.72922518	      1.52173282	     -0.19598300	     -0.63985654	      1.03340368	     -0.20767879	     -0.62509191	      1.03416615	     -0.47242639	     -0.83343252	      1.04236533	     -0.39981801	     -0.83526574	      1.04271106	     -0.30817440	     -0.85603563	      0.50951453	     -0.18729951	     -0.82998772	      0.50404792	     -0.30156538	     -0.96352519	      0.32557313	     -0.26345929	     -1.06319952	      0.04066265	     -0.33236936	     -1.03416907	      0.01809998	     -0.28138314	     -1.12809914	      0.02789734	     -0.22497017	     -0.72160753	      0.91276031	     -0.52677745	     -0.50903057	      0.52904033	     -0.47880888	     -0.48148798	      0.54364677	     -0.36544918	     -0.44379223	      0.32388849	     -0.40098274	     -0.44612393	      0.12213592	     -0.34267760	     -0.35163008	      0.03582203	     -0.47097650	     -0.26565704	      0.04804016	     -0.41406830	     -0.30927925	      0.04099206	     -0.35817292	     -1.11936946	      0.18277767	     -0.32808125	     -1.16443231	      0.19056688	     -0.24721609	     -1.21481016	      0.18583493	     -0.31824409	     -0.75756843	      0.94622214	     -0.17131222	     -0.47011618	      0.08301460	     -0.42331295	     -0.51474212	      0.04719208	     -0.35926436
      0.35000000	     -0.72498055	      1.50826483	     -0.53130349	     -0.71650711	      1.52281164	     -0.19767197	     -0.62762622	      1.03343576	     -0.20838530	     -0.61337954	      1.03577694	     -0.47315203	     -0.82159404	      1.04313404	     -0.40009310	     -0.82324919	      1.04293984	     -0.30844565	     -0.83820183	      0.50832842	     -0.18601063	     -0.81154759	      0.50242247	     -0.30011469	     -0.94950218	      0.32730656	     -0.26163775	     -1.06011860	      0.04261576	     -0.33169844	     -1.03236506	      0.01771146	     -0.28095134	     -1.12548653	      0.03219647	     -0.22433005	     -0.70911108	      0.91419289	     -0.52804259	     -0.49853167	      0.52951664	     -0.47893589	     -0.47178714	      0.54387075	     -0.36535309	     -0.43787715	      0.32354199	     -0.40040839	     -0.44457127	      0.12188908	     -0.34209612	     -0.35045241	      0.03489876	     -0.47002605	     -0.26465396	      0.04554636	     -0.41254678	     -0.30878155	      0.03893099	     -0.35692322	     -1.10888599	      0.18830264	     -0.32589262	     -1.15363902	      0.19728791	     -0.24497948	     -1.20364082	      0.19560705	     -0.31571929	     -0.74570455	      0.94642659	     -0.17262539	     -0.46833472	      0.08318001	     -0.42299774	     -0.51413161	      0.04788679	     -0.35932444
      0.35833333	     -0.71356926	      1.50908200	     -0.53175266	     -0.70511732	      1.52358130	     -0.19811852	     -0.61519992	      1.03378475	     -0.20941261	     -0.60110029	      1.03753951	     -0.47417094	     -0.80929414	      1.04397924	     -0.40096667	     -0.81089999	      1.04330418	     -0.30932063	     -0.82016327	      0.50750943	     -0.18508359	     -0.79299758	      0.50120083	     -0.29904539	     -0.93495345	      0.32926137	     -0.25993337	     -1.05642695	      0.04489882	     -0.33104512	     -1.03010741	      0.01756191	     -0.28057846	     -1.12207486	      0.03675188	     -0.22365108	     -0.69609326	      0.91575203	     -0.52964050	     -0.48869082	      0.52955260	     -0.47899272	     -0.46279057	      0.54365960	     -0.36518353	     -0.43254105	      0.32279690	     -0.39988778	     -0.44347755	      0.12129911	     -0.34168073	     -0.34964907	      0.03416709	     -0.46942187	     -0.26403326	      0.04357496	     -0.41145998	     -0.30856171	      0.03715238	     -0.35607335	     -1.09758576	      0.19377446	     -0.32355732	     -1.14193804	      0.20392272	     -0.24256106	     -1.19141062	      0.20524407	     -0.31290374	     -0.73343466	      0.94685654	     -0.17425869	     -0.46701545	      0.08301345	     -0.42284932	     -0.51380413	      0.04802443	     -0.35953325
      0.36666667	     -0.70157542	      1.50955057	     -0.53251774	     -0.69287321	      1.52444522	     -0.19890745	     -0.60333333	      1.03401308	     -0.21030750	     -0.58953832	      1.03932472	     -0.47505522	     -0.79766123	      1.04495667	     -0.40158311	     -0.79916279	      1.04374873	     -0.30994077	     -0.80124731	      0.50617908	     -0.18459624	     -0.77335674	      0.49967881	     -0.29837202	     -0.91949156	      0.33103851	     -0.25853727	     -1.05222976	      0.04749367	     -0.33016103	     -1.02751348	      0.01791210	     -0.27989627	     -1.11795295	      0.04209622	     -0.22263973	     -0.68420505	      0.91725071	     -0.53098103	     -0.48016690	      0.52943789	     -0.47901357	     -0.45468576	      0.54344265	     -0.36509719	     -0.42772466	      0.32209905	     -0.39951011	     -0.44217271	      0.12082601	     -0.34129117	     -0.34925102	      0.03354351	     -0.46937353	     -0.26345275	      0.04142121	     -0.41146255	     -0.30813929	      0.03533793	     -0.35600874	     -1.08544159	      0.19928139	     -0.32142310	     -1.12931736	      0.21064017	     -0.24032808	     -1.17812348	      0.21487841	     -0.31032624	     -0.72197016	      0.94697786	     -0.17585078	     -0.46576885	      0.08286805	     -0.42259665	     -0.51326368	      0.04826870	     -0.35938520
      0.37500000	     -0.68985292	      1.50983824	     -0.53471143	     -0.68208849	      1.52678028	     -0.20117570	     -0.59166749	      1.03278727	     -0.21121256	     -0.57762291	      1.04142248	     -0.47585959	     -0.78577411	      1.04722531	     -0.40248099	     -0.78735874	      1.04484933	     -0.31086289	     -0.78096882	      0.50411441	     -0.18351586	     -0.75282679	      0.49734899	     -0.29721424	     -0.90306734	      0.33244430	     -0.25699536	     -1.04758344	      0.05053551	     -0.32901445	     -1.02479191	      0.01836174	     -0.27877403	     -1.11285908	      0.04834146	     -0.22110811	     -0.67177628	      0.91960508	     -0.53325819	     -0.47251248	      0.52964631	     -0.47887930	     -0.44857111	      0.54323322	     -0.36457895	     -0.42363237	      0.32168424	     -0.39859132	     -0.44125642	      0.12059534	     -0.34061140	     -0.34878771	      0.03400552	     -0.46940824	     -0.26232021	      0.03764527	     -0.41210429	     -0.30783482	      0.03327642	     -0.35597412	     -1.07254694	      0.20499463	     -0.31934297	     -1.11575655	      0.21730189	     -0.23802897	     -1.16389747	      0.22454677	     -0.30776764	     -0.71080615	      0.94650715	     -0.17796788	     -0.46403740	      0.08289863	     -0.42227014	     -0.51278394	      0.04872885	     -0.35939516
      0.38333333	     -0.67781828	      1.51087641	     -0.53562251	     -0.67036224	      1.52808344	     -0.20209331	     -0.58060448	      1.03362886	     -0.21207707	     -0.56651108	      1.04306148	     -0.47669428	     -0.77467421	      1.04868302	     -0.40333543	     -0.77627563	      1.04603035	     -0.31172522	     -0.76003217	      0.50291932	     -0.18290685	     -0.73245372	      0.49647569	     -0.29676191	     -0.88573697	      0.33461061	     -0.25616453	     -1.04212360	      0.05402610	     -0.32809687	     -1.02210784	      0.01790037	     -0.27759429	     -1.10575330	      0.05547724	     -0.21919941	     -0.66008340	      0.92149225	     -0.53461475	     -0.46532417	      0.52945941	     -0.47884675	     -0.44244310	      0.54261562	     -0.36427916	     -0.41992883	      0.32088881	     -0.39794866	     -0.44072020	      0.12005958	     -0.34011818	     -0.34813507	      0.03422313	     -0.46896598	     -0.26105632	      0.03419792	     -0.41239757	     -0.30761595	      0.03253782	     -0.35538635	     -1.05846538	      0.21117675	     -0.31767027	     -1.10057914	      0.22377974	     -0.23582833	     -1.14821930	      0.23425029	     -0.30522232	     -0.69916331	      0.94670190	     -0.17879330	     -0.46303701	      0.08261581	     -0.42202111	     -0.51251877	      0.04843802	     -0.35946551
      0.39166667	     -0.66580399	      1.51168384	     -0.53699386	     -0.65920085	      1.52984267	     -0.20349715	     -0.56953593	      1.03395993	     -0.21304711	     -0.55544274	      1.04519556	     -0.47759391	     -0.76359828	      1.05050185	     -0.40419004	     -0.76519907	      1.04722200	     -0.31260013	     -0.73965048	      0.50185724	     -0.18261310	     -0.71099892	      0.49536051	     -0.29619984	     -0.86794702	      0.33662277	     -0.25486426	     -1.03437485	      0.05812231	     -0.32701778	     -1.01787388	      0.01836999	     -0.27635417	     -1.09769989	      0.06197018	     -0.21800111	     -0.64867636	      0.92361765	     -0.53623431	     -0.45907557	      0.52933824	     -0.47856064	     -0.43708048	      0.54227680	     -0.36379491	     -0.41658318	      0.32028819	     -0.39733886	     -0.43997760	      0.11967463	     -0.33975478	     -0.34750290	      0.03403162	     -0.46863295	     -0.26044974	      0.03244156	     -0.41201030	     -0.30737164	      0.03137862	     -0.35493416	     -1.04332334	      0.21661857	     -0.31565995	     -1.08500514	      0.23034336	     -0.23377733	     -1.13159642	      0.24311980	     -0.30284769	     -0.68888565	      0.94692392	     -0.18074437	     -0.46197898	      0.08248618	     -0.42185912	     -0.51216311	      0.04850927	     -0.35958329
      0.40000000	     -0.65409819	      1.51301976	     -0.53769927	     -0.64796659	      1.53132458	     -0.20420153	     -0.55856730	      1.03490024	     -0.21398510	     -0.54439690	      1.04731050	     -0.47847528	     -0.75257740	      1.05220456	     -0.40511357	     -0.75420518	      1.04851941	     -0.31353954	     -0.71840495	      0.50109852	     -0.18266735	     -0.68984831	      0.49496838	     -0.29629836	     -0.84946666	      0.33890124	     -0.25432895	     -1.02489739	      0.06259090	     -0.32573363	     -1.01322579	      0.01807394	     -0.27466491	     -1.08658951	      0.06907772	     -0.21590875	     -0.63749390	      0.92575437	     -0.53761564	     -0.45326400	      0.52911279	     -0.47874479	     -0.43181626	      0.54178835	     -0.36384620	     -0.41347636	      0.31959943	     -0.39711890	     -0.43933708	      0.11928979	     -0.33953161	     -0.34711525	      0.03387596	     -0.46847651	     -0.25995110	      0.03100189	     -0.41202123	     -0.30713740	      0.03069579	     -0.35473721	     -1.02746246	      0.22231342	     -0.31415161	     -1.06820727	      0.23642172	     -0.23186357	     -1.11439948	      0.25132153	     -0.30062535	     -0.67761933	      0.94719376	     -0.18196927	     -0.46126399	      0.08227642	     -0.42173494	     -0.51187473	      0.04840885	     -0.35958424
      0.40833333	     -0.64251087	      1.51473950	     -0.53778812	     -0.63667167	      1.53247096	     -0.20425416	     -0.54742095	      1.03657068	     -0.21503363	     -0.53341434	      1.04959308	     -0.47950310	     -0.74157618	      1.05363254	     -0.40603648	     -0.74314932	      1.04974643	     -0.31446981	     -0.69770933	      0.50103060	     -0.18314317	     -0.66831688	      0.49521805	     -0.29657758	     -0.83059464	      0.34139958	     -0.25364779	     -1.01323503	      0.06701553	     -0.32379312	     -1.00289567	      0.02204381	     -0.27266701	     -1.07392566	      0.07575695	     -0.21356728	     -0.62624499	      0.92795155	     -0.53887860	     -0.44775730	      0.52882456	     -0.47912271	     -0.42671307	      0.54120296	     -0.36411715	     -0.41052487	      0.31885398	     -0.39708682	     -0.43872313	      0.11888613	     -0.33940888	     -0.34675068	      0.03374013	     -0.46839484	     -0.25962954	      0.03072273	     -0.41188223	     -0.30684802	      0.03031829	     -0.35463616	     -1.01061919	      0.22742946	     -0.31243512	     -1.05076827	      0.24231312	     -0.22999100	     -1.09641493	      0.25860138	     -0.29856877	     -0.66671351	      0.94791321	     -0.18347145	     -0.46068577	      0.08201757	     -0.42166772	     -0.51157026	      0.04817809	     -0.35958092
      0.41666667	     -0.63030439	      1.51586229	     -0.53944541	     -0.62680355	      1.53503862	     -0.20595866	     -0.53698215	      1.03669074	     -0.21574555	     -0.52256635	      1.05133441	     -0.48010821	     -0.73078898	      1.05622153	     -0.40686570	     -0.73249991	      1.05175324	     -0.31532806	     -0.67497844	      0.50020185	     -0.18278034	     -0.64818829	      0.49506984	     -0.29689001	     -0.81113585	      0.34334975	     -0.25427869	     -1.00006120	      0.07092428	     -0.32129962	     -0.99127635	      0.02470064	     -0.26919792	     -1.05633157	      0.08342992	     -0.20910891	     -0.61612694	      0.93006873	     -0.54014288	     -0.44270794	      0.52885564	     -0.47943963	     -0.42187713	      0.54109132	     -0.36437996	     -0.40768283	      0.31856025	     -0.39706324	     -0.43791234	      0.11893296	     -0.33923461	     -0.34655499	      0.03355922	     -0.46836576	     -0.25939587	      0.02985299	     -0.41194637	     -0.30659794	      0.02966433	     -0.35464139	     -0.99358528	      0.23292669	     -0.31235562	     -1.03216334	      0.24660316	     -0.22895782	     -1.07878500	      0.26458435	     -0.29766410	     -0.65443230	      0.94768599	     -0.18362875	     -0.46002254	      0.08218150	     -0.42150632	     -0.51122364	      0.04864308	     -0.35941106
      0.42500000	     -0.61982101	      1.51785675	     -0.53951176	     -0.61607019	      1.53646536	     -0.20599556	     -0.52586412	      1.03896032	     -0.21666746	     -0.51198839	      1.05355587	     -0.48106168	     -0.72009297	      1.05769507	     -0.40743856	     -0.72161917	      1.05325567	     -0.31589625	     -0.65459558	      0.50078346	     -0.18413115	     -0.62744753	      0.49631470	     -0.29818412	     -0.79195799	      0.34588327	     -0.25465299	     -0.98337717	      0.07487459	     -0.31830135	     -0.97402372	      0.02948044	     -0.26556597	     -1.03793181	      0.08949531	     -0.20552047	     -0.60544896	      0.93229914	     -0.54098029	     -0.43796845	      0.52862251	     -0.47993575	     -0.41726418	      0.54053051	     -0.36481887	     -0.40511946	      0.31790630	     -0.39719424	     -0.43735569	      0.11865453	     -0.33915473	     -0.34640939	      0.03325692	     -0.46829417	     -0.25924118	      0.02953342	     -0.41189291	     -0.30641284	      0.02937878	     -0.35458310	     -0.97585332	      0.23727165	     -0.31157402	     -1.01371418	      0.25121414	     -0.22789208	     -1.06095045	      0.26924179	     -0.29675889	     -0.64321181	      0.94859501	     -0.18450698	     -0.45969779	      0.08201114	     -0.42141199	     -0.51102144	      0.04855804	     -0.35928423
      0.43333333	     -0.60770096	      1.51913656	     -0.54099315	     -0.60527781	      1.53866762	     -0.20751741	     -0.51657289	      1.04004581	     -0.21696975	     -0.50178677	      1.05504140	     -0.48129223	     -0.71010489	      1.05998784	     -0.40832578	     -0.71194359	      1.05539518	     -0.31679678	     -0.62873604	      0.50073286	     -0.18313957	     -0.61153546	      0.49739628	     -0.29914851	     -0.77167503	      0.34773610	     -0.25784276	     -0.96926831	      0.07675214	     -0.31490120	     -0.95468190	      0.03458774	     -0.26098112	     -1.01234906	      0.09832539	     -0.19833300	     -0.59623055	      0.93427073	     -0.54158669	     -0.43355378	      0.52862621	     -0.48059683	     -0.41263857	      0.54029822	     -0.36549391	     -0.40264258	      0.31760401	     -0.39747464	     -0.43672101	      0.11877650	     -0.33903399	     -0.34651900	      0.03302100	     -0.46825161	     -0.25924914	      0.02919724	     -0.41201755	     -0.30628857	      0.02923120	     -0.35462010	     -0.95799319	      0.24283253	     -0.31383169	     -0.99245494	      0.25171066	     -0.22801751	     -1.04276736	      0.27305031	     -0.29686743	     -0.62575749	      0.94867582	     -0.18136485	     -0.45950455	      0.08219867	     -0.42119930	     -0.51085283	      0.04897038	     -0.35891531
      0.44166667	     -0.59695517	      1.52074657	     -0.54155656	     -0.59466573	      1.54033920	     -0.20808348	     -0.50596697	      1.04238710	     -0.21772403	     -0.49186012	      1.05713096	     -0.48209779	     -0.70001806	      1.06149681	     -0.40863879	     -0.70162347	      1.05700177	     -0.31710055	     -0.60807563	      0.50180441	     -0.18436939	     -0.59072845	      0.49902724	     -0.30037123	     -0.75154512	      0.34992768	     -0.25824592	     -0.94768077	      0.07978201	     -0.31130410	     -0.93171910	      0.03896006	     -0.25672461	     -0.98951993	      0.10309422	     -0.19461851	     -0.58637750	      0.93647526	     -0.54215335	     -0.42941738	      0.52856592	     -0.48128903	     -0.40843636	      0.53987355	     -0.36616172	     -0.40039678	      0.31716085	     -0.39781400	     -0.43623157	      0.11873327	     -0.33906546	     -0.34654475	      0.03276826	     -0.46826923	     -0.25922790	      0.02900215	     -0.41210757	     -0.30619505	      0.02916095	     -0.35467408	     -0.93866939	      0.24590528	     -0.31318066	     -0.97254214	      0.25481380	     -0.22713543	     -1.02408066	      0.27522579	     -0.29630126	     -0.61492248	      0.94970165	     -0.18189884	     -0.45937195	      0.08223888	     -0.42116812	     -0.51074055	      0.04913205	     -0.35878688
      0.45000000	     -0.58681465	      1.52307165	     -0.54155216	     -0.58463689	      1.54204776	     -0.20804269	     -0.49532869	      1.04500044	     -0.21859875	     -0.48181492	      1.05931036	     -0.48302733	     -0.68983052	      1.06322551	     -0.40914097	     -0.69123231	      1.05888988	     -0.31759169	     -0.58738304	      0.50352135	     -0.18486549	     -0.56980042	      0.50109788	     -0.30083982	     -0.73074513	      0.35205280	     -0.25816806	     -0.92444188	      0.08209236	     -0.30799888	     -0.90722835	      0.04256650	     -0.25285438	     -0.96561489	      0.10675756	     -0.19135450	     -0.57633247	      0.93888745	     -0.54285575	     -0.42581910	      0.52855473	     -0.48199722	     -0.40495904	      0.53942940	     -0.36680624	     -0.39846883	      0.31672222	     -0.39821388	     -0.43580223	      0.11862814	     -0.33927340	     -0.34635260	      0.03240841	     -0.46828189	     -0.25908764	      0.02874652	     -0.41203556	     -0.30608713	      0.02905725	     -0.35464901	     -0.91813125	      0.24815199	     -0.31243629	     -0.95167225	      0.25704106	     -0.22625919	     -1.00423463	      0.27637034	     -0.29577255	     -0.60412744	      0.95115861	     -0.18253734	     -0.45916966	      0.08221854	     -0.42134940	     -0.51061090	      0.04920828	     -0.35895947
      0.45833333	     -0.57452315	      1.52419357	     -0.54275684	     -0.57477226	      1.54434981	     -0.20930959	     -0.48564545	      1.04622793	     -0.21891868	     -0.47201358	      1.06089920	     -0.48332140	     -0.68003465	      1.06539433	     -0.40948347	     -0.68147529	      1.06092266	     -0.31794135	     -0.56280226	      0.50462633	     -0.18498471	     -0.55265508	      0.50264572	     -0.30185292	     -0.70928048	      0.35323548	     -0.26070623	     -0.90423347	      0.08192884	     -0.30398688	     -0.88300282	      0.04526995	     -0.24824673	     -0.93709869	      0.11253105	     -0.18611881	     -0.56744160	      0.94094856	     -0.54327598	     -0.42232453	      0.52863325	     -0.48271120	     -0.40114396	      0.53920885	     -0.36755087	     -0.39649551	      0.31648731	     -0.39866305	     -0.43526549	      0.11878404	     -0.33933912	     -0.34653476	      0.03219740	     -0.46840619	     -0.25919429	      0.02886682	     -0.41227665	     -0.30598543	      0.02913047	     -0.35486626	     -0.89751601	      0.25036003	     -0.31397913	     -0.92872100	      0.25556788	     -0.22663136	     -0.98375509	      0.27654071	     -0.29606025	     -0.58826169	      0.95183775	     -0.18066229	     -0.45916217	      0.08245226	     -0.42129713	     -0.51048740	      0.04959323	     -0.35871874
      0.46666667	     -0.56461861	      1.52632014	     -0.54265174	     -0.56449223	      1.54578664	     -0.20916345	     -0.47510485	      1.04860080	     -0.21983728	     -0.46231457	      1.06283233	     -0.48430607	     -0.67012105	      1.06692728	     -0.40984326	     -0.67127190	      1.06261626	     -0.31828933	     -0.54228766	      0.50660736	     -0.18574111	     -0.53197432	      0.50490149	     -0.30259911	     -0.68786849	      0.35467185	     -0.26082416	     -0.87863076	      0.08257559	     -0.30047571	     -0.85595125	      0.04765820	     -0.24423470	     -0.91119353	      0.11478962	     -0.18295369	     -0.55780709	      0.94310529	     -0.54392897	     -0.41900837	      0.52861590	     -0.48339438	     -0.39784264	      0.53880529	     -0.36819650	     -0.39470672	      0.31609549	     -0.39905628	     -0.43484407	      0.11873888	     -0.33948792	     -0.34650122	      0.03190344	     -0.46847543	     -0.25914100	      0.02863287	     -0.41237481	     -0.30589681	      0.02905532	     -0.35494948	     -0.87574987	      0.25079163	     -0.31339283	     -0.90667916	      0.25588318	     -0.22594021	     -0.96281997	      0.27531984	     -0.29577152	     -0.57756371	      0.95315012	     -0.18125968	     -0.45904464	      0.08248558	     -0.42139149	     -0.51037803	      0.04973498	     -0.35874465
      0.47500000	     -0.55339117	      1.52332791	     -0.54283980	     -0.55539110	      1.54512986	     -0.20950201	     -0.46291148	      1.04249492	     -0.22191663	     -0.45233905	      1.06568853	     -0.48584872	     -0.65952120	      1.06701406	     -0.40956758	     -0.65990494	      1.05960406	     -0.31820579	     -0.54587257	      0.50161508	     -0.19546502	     -0.51706865	      0.50100427	     -0.30919728	     -0.68014948	      0.34706098	     -0.26055620	     -0.90846628	      0.08949963	     -0.22972117	     -0.84261518	      0.04634820	     -0.22901730	     -0.79583760	      0.12932801	     -0.27019315	     -0.54786761	      0.94437579	     -0.54751988	     -0.41557541	      0.52823017	     -0.48386011	     -0.39441211	      0.53890574	     -0.36870583	     -0.39284887	      0.31575610	     -0.39929739	     -0.43437578	      0.11876740	     -0.33946435	     -0.34658863	      0.03178292	     -0.46854631	     -0.25915948	      0.02859900	     -0.41255711	     -0.30578106	      0.02901148	     -0.35509133	     -0.86409710	      0.23567643	     -0.31165152	     -0.89968836	      0.24945139	     -0.22695195	     -0.91063864	      0.29657716	     -0.26679513	     -0.58107274	      0.94817493	     -0.19227698	     -0.45892818	      0.08260132	     -0.42130175	     -0.51024087	      0.04996215	     -0.35853778
      0.48333333	     -0.54302658	      1.52542900	     -0.54292360	     -0.54500573	      1.54657405	     -0.20954338	     -0.45264271	      1.04480873	     -0.22281210	     -0.44254288	      1.06746143	     -0.48680967	     -0.64960167	      1.06859295	     -0.41019121	     -0.64982289	      1.06137581	     -0.31881344	     -0.52581108	      0.50353599	     -0.19586665	     -0.49592884	      0.50353242	     -0.30932200	     -0.65784256	      0.34775130	     -0.26021431	     -0.88054607	      0.08829729	     -0.22717724	     -0.81330958	      0.04731744	     -0.22566377	     -0.76915289	      0.13116126	     -0.26796623	     -0.53829957	      0.94640242	     -0.54819767	     -0.41261183	      0.52824690	     -0.48432651	     -0.39142926	      0.53860481	     -0.36914675	     -0.39124734	      0.31544078	     -0.39949530	     -0.43397262	      0.11878831	     -0.33940051	     -0.34661523	      0.03167306	     -0.46849884	     -0.25911412	      0.02860087	     -0.41261744	     -0.30565060	      0.02911557	     -0.35509546	     -0.84052667	      0.23416978	     -0.31100536	     -0.87637780	      0.24797877	     -0.22642099	     -0.88926502	      0.29467101	     -0.26710430	     -0.57134439	      0.94916503	     -0.19333687	     -0.45886012	      0.08269502	     -0.42116879	     -0.51010944	      0.05011417	     -0.35829909
      0.49166667	     -0.53312874	      1.52707360	     -0.54337384	     -0.53494962	      1.54800646	     -0.20997932	     -0.44222742	      1.04686721	     -0.22384042	     -0.43307910	      1.06911901	     -0.48790677	     -0.63987600	      1.06994689	     -0.41058040	     -0.63976919	      1.06287524	     -0.31919105	     -0.50599245	      0.50539853	     -0.19640128	     -0.47507947	      0.50604717	     -0.30957828	     -0.63541238	      0.34803815	     -0.25992069	     -0.85176469	      0.08638674	     -0.22443467	     -0.78306503	      0.04788671	     -0.22199391	     -0.74183043	      0.13256410	     -0.26556386	     -0.52903330	      0.94819009	     -0.54887698	     -0.40957535	      0.52827377	     -0.48460370	     -0.38827406	      0.53841761	     -0.36942679	     -0.38954327	      0.31519580	     -0.39960977	     -0.43345228	      0.11887287	     -0.33929118	     -0.34665271	      0.03155170	     -0.46846597	     -0.25905695	      0.02849950	     -0.41273402	     -0.30547722	      0.02914434	     -0.35513568	     -0.81651507	      0.23179135	     -0.31034364	     -0.85266998	      0.24559271	     -0.22588744	     -0.86766718	      0.29170090	     -0.26748705	     -0.56150629	      0.94989746	     -0.19444444	     -0.45874151	      0.08288878	     -0.42098430	     -0.50991455	      0.05040104	     -0.35799112
      0.50000000	     -0.52270548	      1.52875653	     -0.54367710	     -0.52464913	      1.54924495	     -0.21025567	     -0.43202858	      1.04879870	     -0.22495252	     -0.42366628	      1.07060182	     -0.48908235	     -0.63024149	      1.07129829	     -0.41116440	     -0.62986348	      1.06438615	     -0.31976357	     -0.48614119	      0.50742818	     -0.19681377	     -0.45455670	      0.50870546	     -0.30979985	     -0.61276854	      0.34819185	     -0.25953854	     -0.82225520	      0.08388203	     -0.22210620	     -0.75222861	      0.04784878	     -0.21937828	     -0.71408854	      0.13342362	     -0.26400019	     -0.51978996	      0.94988969	     -0.54969565	     -0.40681837	      0.52825994	     -0.48491335	     -0.38554495	      0.53817036	     -0.36971097	     -0.38804467	      0.31490266	     -0.39970825	     -0.43303359	      0.11888605	     -0.33918954	     -0.34662151	      0.03143783	     -0.46837916	     -0.25897134	      0.02845309	     -0.41273099	     -0.30532093	      0.02918772	     -0.35509117	     -0.79204661	      0.22895378	     -0.30949487	     -0.82844581	      0.24258592	     -0.22511614	     -0.84541752	      0.28803509	     -0.26733160	     -0.55160976	      0.95057271	     -0.19550850	     -0.45861759	      0.08298620	     -0.42082792	     -0.50974899	      0.05055836	     -0.35775255
      0.50833333	     -0.51242645	      1.53028312	     -0.54391070	     -0.51456381	      1.55048695	     -0.21047309	     -0.42191275	      1.05051896	     -0.22594069	     -0.41446040	      1.07199331	     -0.49012468	     -0.62077153	      1.07262793	     -0.41150962	     -0.62007914	      1.06583209	     -0.32010191	     -0.46669350	      0.50947226	     -0.19727174	     -0.43437726	      0.51144037	     -0.31004076	     -0.58997194	      0.34796810	     -0.25924617	     -0.79207877	      0.08060532	     -0.21987952	     -0.72076716	      0.04720625	     -0.21667961	     -0.68577064	      0.13357903	     -0.26232792	     -0.51081266	      0.95151044	     -0.55037066	     -0.40426182	      0.52829058	     -0.48508020	     -0.38296930	      0.53798643	     -0.36986309	     -0.38663422	      0.31466189	     -0.39972961	     -0.43259930	      0.11892552	     -0.33903767	     -0.34665342	      0.03134144	     -0.46831239	     -0.25892284	      0.02836515	     -0.41279284	     -0.30516987	      0.02918144	     -0.35508951	     -0.76694168	      0.22518707	     -0.30884969	     -0.80372156	      0.23858420	     -0.22459850	     -0.82266683	      0.28323139	     -0.26749617	     -0.54190933	      0.95106811	     -0.19649434	     -0.45850802	      0.08312420	     -0.42061690	     -0.50957911	      0.05076725	     -0.35744186
      0.51666667	     -0.50064542	      1.53063318	     -0.54461544	     -0.50673849	      1.55190396	     -0.21129303	     -0.41091139	      1.05207602	     -0.22743651	     -0.40595354	      1.07355382	     -0.49167881	     -0.61153991	      1.07338507	     -0.41118517	     -0.60998709	      1.06660089	     -0.31978716	     -0.44782883	      0.51126203	     -0.19812794	     -0.41367015	      0.51404834	     -0.31033528	     -0.56699893	      0.34742215	     -0.25882283	     -0.76112772	      0.07704808	     -0.21775538	     -0.68861194	      0.04631473	     -0.21444587	     -0.65701949	      0.13325271	     -0.26148200	     -0.50177666	      0.95301756	     -0.55129915	     -0.40172942	      0.52834163	     -0.48517903	     -0.38075384	      0.53784018	     -0.36988738	     -0.38528653	      0.31445287	     -0.39963253	     -0.43220252	      0.11895771	     -0.33889079	     -0.34656175	      0.03134366	     -0.46827377	     -0.25885564	      0.02831309	     -0.41273185	     -0.30502702	      0.02893757	     -0.35507462	     -0.74121099	      0.22065977	     -0.30817295	     -0.77882925	      0.23431739	     -0.22433476	     -0.79925729	      0.27778992	     -0.26784679	     -0.53229462	      0.95118298	     -0.19821915	     -0.45818403	      0.08323185	     -0.42047994	     -0.50938700	      0.05099843	     -0.35729610
      0.52500000	     -0.49112530	      1.53203767	     -0.54483161	     -0.49694139	      1.55296270	     -0.21148236	     -0.40092397	      1.05364178	     -0.22824912	     -0.39668852	      1.07466199	     -0.49254078	     -0.60205927	      1.07446632	     -0.41149863	     -0.60025712	      1.06784308	     -0.32009340	     -0.42879751	      0.51335573	     -0.19892739	     -0.39421550	      0.51697777	     -0.31098109	     -0.54392248	      0.34678276	     -0.25884250	     -0.72967005	      0.07281817	     -0.21602526	     -0.65603279	      0.04488988	     -0.21253015	     -0.62782527	      0.13248645	     -0.26048693	     -0.49274075	      0.95442194	     -0.55182606	     -0.39932874	      0.52829368	     -0.48534391	     -0.37836432	      0.53753236	     -0.37002911	     -0.38395818	      0.31411807	     -0.39961720	     -0.43176112	      0.11889921	     -0.33867867	     -0.34660049	      0.03124498	     -0.46821603	     -0.25878898	      0.02824574	     -0.41284240	     -0.30482539	      0.02887923	     -0.35510452	     -0.71511060	      0.21578809	     -0.30771991	     -0.75312082	      0.22898954	     -0.22398550	     -0.77543929	      0.27147050	     -0.26801306	     -0.52241854	      0.95141968	     -0.19894230	     -0.45805201	      0.08325424	     -0.42020407	     -0.50917539	      0.05107086	     -0.35690227
      0.53333333	     -0.48030841	      1.53287598	     -0.54500598	     -0.48762444	      1.55381738	     -0.21168731	     -0.39081220	      1.05517217	     -0.22935175	     -0.38802500	      1.07580712	     -0.49369301	     -0.59296435	      1.07520174	     -0.41156805	     -0.59066305	      1.06872019	     -0.32016386	     -0.41039987	      0.51543624	     -0.19969858	     -0.37486097	      0.51991222	     -0.31142153	     -0.52076332	      0.34590757	     -0.25871151	     -0.69725899	      0.06824555	     -0.21452079	     -0.62252763	      0.04332063	     -0.21097096	     -0.59802998	      0.13139645	     -0.26007371	     -0.48359462	      0.95578537	     -0.55260579	     -0.39687869	      0.52831397	     -0.48567653	     -0.37646939	      0.53722287	     -0.37023627	     -0.38279036	      0.31383376	     -0.39962624	     -0.43158375	      0.11887224	     -0.33864887	     -0.34647345	      0.03130502	     -0.46818216	     -0.25875161	      0.02830082	     -0.41267769	     -0.30479673	      0.02871150	     -0.35503935	     -0.68833469	      0.21022883	     -0.30734371	     -0.72708887	      0.22313752	     -0.22390520	     -0.75103976	      0.26436901	     -0.26840510	     -0.51284664	      0.95152047	     -0.20005387	     -0.45778162	      0.08326038	     -0.42021867	     -0.50911689	      0.05116472	     -0.35697460
      0.54166667	     -0.47056011	      1.53396457	     -0.54521035	     -0.47770420	      1.55457882	     -0.21186756	     -0.38108956	      1.05630043	     -0.23019114	     -0.37898256	      1.07659468	     -0.49456507	     -0.58370989	      1.07609661	     -0.41191226	     -0.58117340	      1.06973285	     -0.32050602	     -0.39182237	      0.51759965	     -0.20014272	     -0.35614264	      0.52279828	     -0.31178947	     -0.49728505	      0.34483378	     -0.25866617	     -0.66402269	      0.06331419	     -0.21308975	     -0.58832065	      0.04158474	     -0.20938401	     -0.56755453	      0.13017785	     -0.25927034	     -0.47498857	      0.95690821	     -0.55315201	     -0.39432951	      0.52827160	     -0.48610169	     -0.37372748	      0.53693434	     -0.37067693	     -0.38131407	      0.31356590	     -0.39975894	     -0.43102788	      0.11896082	     -0.33838772	     -0.34659294	      0.03123179	     -0.46810432	     -0.25869624	      0.02829068	     -0.41287615	     -0.30453830	      0.02878770	     -0.35509811	     -0.66088123	      0.20430874	     -0.30707052	     -0.70017163	      0.21648397	     -0.22377266	     -0.72605144	      0.25647709	     -0.26877485	     -0.50306111	      0.95152422	     -0.20071511	     -0.45767518	      0.08339674	     -0.41983269	     -0.50884605	      0.05139987	     -0.35638328
      0.55000000	     -0.46085796	      1.53485903	     -0.54535190	     -0.46810556	      1.55531673	     -0.21200170	     -0.37143886	      1.05719603	     -0.23095267	     -0.37015559	      1.07729427	     -0.49534685	     -0.57462228	      1.07693100	     -0.41205066	     -0.57180077	      1.07063383	     -0.32064816	     -0.37356868	      0.51965954	     -0.20093047	     -0.33795140	      0.52563644	     -0.31255821	     -0.47375745	      0.34354495	     -0.25893351	     -0.63014404	      0.05803004	     -0.21215036	     -0.55358186	      0.03955149	     -0.20851554	     -0.53672183	      0.12855150	     -0.25914519	     -0.46630622	      0.95796873	     -0.55369206	     -0.39215198	      0.52821667	     -0.48627329	     -0.37173776	      0.53661989	     -0.37079598	     -0.38019731	      0.31323516	     -0.39978264	     -0.43074382	      0.11887150	     -0.33832658	     -0.34652501	      0.03112725	     -0.46804454	     -0.25861579	      0.02827142	     -0.41283452	     -0.30442352	      0.02877297	     -0.35505387	     -0.63297017	      0.19795783	     -0.30699266	     -0.67273015	      0.20927122	     -0.22379617	     -0.70045145	      0.24794919	     -0.26914058	     -0.49325119	      0.95133178	     -0.20123017	     -0.45756733	      0.08339402	     -0.41975147	     -0.50872896	      0.05140973	     -0.35627284
      0.55833333	     -0.45103617	      1.53539712	     -0.54576277	     -0.45875464	      1.55599126	     -0.21243154	     -0.36174230	      1.05792179	     -0.23170821	     -0.36127548	      1.07784722	     -0.49611817	     -0.56548372	      1.07754730	     -0.41219013	     -0.56237995	      1.07130972	     -0.32079269	     -0.35573666	      0.52161645	     -0.20175617	     -0.31998144	      0.52839148	     -0.31329418	     -0.45004458	      0.34205196	     -0.25927501	     -0.59541364	      0.05269594	     -0.21130405	     -0.51809788	      0.03770906	     -0.20756554	     -0.50527405	      0.12691037	     -0.25901749	     -0.45757682	      0.95887740	     -0.55423059	     -0.38970197	      0.52811768	     -0.48662849	     -0.36941929	      0.53623887	     -0.37110784	     -0.37895202	      0.31287953	     -0.39994573	     -0.43047495	      0.11881757	     -0.33834727	     -0.34655291	      0.03101374	     -0.46807344	     -0.25861956	      0.02823875	     -0.41290114	     -0.30437382	      0.02875803	     -0.35510970	     -0.60428183	      0.19115300	     -0.30717441	     -0.64469695	      0.20157833	     -0.22417781	     -0.67420822	      0.23873334	     -0.26997091	     -0.48352661	      0.95095854	     -0.20185572	     -0.45751965	      0.08342972	     -0.41973799	     -0.50866961	      0.05148774	     -0.35621010
      0.56666667	     -0.44016125	      1.53588208	     -0.54547902	     -0.44947189	      1.55633661	     -0.21217987	     -0.35182707	      1.05886538	     -0.23252673	     -0.35271215	      1.07835036	     -0.49696845	     -0.55649698	      1.07790562	     -0.41201810	     -0.55292685	      1.07182485	     -0.32062713	     -0.33856245	      0.52353802	     -0.20285016	     -0.30266198	      0.53115755	     -0.31428698	     -0.42645285	      0.34045466	     -0.25954501	     -0.55985841	      0.04738006	     -0.21026639	     -0.48195421	      0.03593940	     -0.20691853	     -0.47347281	      0.12517432	     -0.25920597	     -0.44910940	      0.95969556	     -0.55459327	     -0.38722971	      0.52802077	     -0.48707478	     -0.36689043	      0.53583059	     -0.37154261	     -0.37761861	      0.31253532	     -0.40017390	     -0.43008666	      0.11880932	     -0.33831626	     -0.34663735	      0.03085815	     -0.46809931	     -0.25863792	      0.02828837	     -0.41303087	     -0.30425329	      0.02877667	     -0.35520897	     -0.57517197	      0.18397999	     -0.30700316	     -0.61625883	      0.19354994	     -0.22423365	     -0.64743121	      0.22898904	     -0.27034536	     -0.47360355	      0.95065460	     -0.20235088	     -0.45748538	      0.08350524	     -0.41962491	     -0.50853685	      0.05162962	     -0.35597655
      0.57500000	     -0.43067349	      1.53604466	     -0.54583668	     -0.43970883	      1.55673661	     -0.21254460	     -0.34235990	      1.05909392	     -0.23319189	     -0.34424721	      1.07866845	     -0.49762174	     -0.54770418	      1.07834647	     -0.41188861	     -0.54378723	      1.07223232	     -0.32051407	     -0.32134381	      0.52531064	     -0.20379761	     -0.28576859	      0.53365093	     -0.31528711	     -0.40266011	      0.33874556	     -0.26011263	     -0.52414336	      0.04203589	     -0.20981042	     -0.44580565	      0.03417451	     -0.20651004	     -0.44145048	      0.12334143	     -0.25941683	     -0.44089794	      0.96037233	     -0.55501939	     -0.38477112	      0.52792154	     -0.48743929	     -0.36443748	      0.53546543	     -0.37188845	     -0.37631816	      0.31221718	     -0.40037070	     -0.42973975	      0.11881018	     -0.33833125	     -0.34666784	      0.03074339	     -0.46813132	     -0.25861857	      0.02827436	     -0.41314100	     -0.30415472	      0.02881903	     -0.35528673	     -0.54553719	      0.17684530	     -0.30731879	     -0.58713382	      0.18522736	     -0.22467517	     -0.61998702	      0.21900361	     -0.27110249	     -0.46385024	      0.94999363	     -0.20270752	     -0.45743722	      0.08360742	     -0.41958260	     -0.50842690	      0.05177931	     -0.35585526
      0.58333333	     -0.41971574	      1.53591771	     -0.54566175	     -0.43098464	      1.55688100	     -0.21245467	     -0.33250157	      1.05980069	     -0.23393550	     -0.33597748	      1.07899939	     -0.49837679	     -0.53893071	      1.07827788	     -0.41146030	     -0.53446655	      1.07230194	     -0.32010171	     -0.30480772	      0.52698090	     -0.20515691	     -0.26919945	      0.53619161	     -0.31656732	     -0.37885770	      0.33702382	     -0.26077092	     -0.48800165	      0.03685743	     -0.20923967	     -0.40940478	      0.03253542	     -0.20598075	     -0.40907842	      0.12137197	     -0.25961742	     -0.43252596	      0.96095684	     -0.55527476	     -0.38235631	      0.52774626	     -0.48787617	     -0.36203284	      0.53495135	     -0.37230192	     -0.37510089	      0.31179002	     -0.40064111	     -0.42950216	      0.11871437	     -0.33842115	     -0.34674802	      0.03056995	     -0.46819465	     -0.25869253	      0.02846026	     -0.41320979	     -0.30413132	      0.02889766	     -0.35538512	     -0.51522963	      0.16951441	     -0.30764598	     -0.55753263	      0.17681046	     -0.22525830	     -0.59175745	      0.20876335	     -0.27203606	     -0.45385435	      0.94940918	     -0.20306715	     -0.45750929	      0.08362187	     -0.41961402	     -0.50841068	      0.05179703	     -0.35581576
      0.59166667	     -0.41033261	      1.53585830	     -0.54585006	     -0.42113267	      1.55700299	     -0.21263892	     -0.32312724	      1.05945223	     -0.23438908	     -0.32726206	      1.07910248	     -0.49878772	     -0.52998855	      1.07856750	     -0.41134233	     -0.52529569	      1.07243021	     -0.32000591	     -0.28832017	      0.52838544	     -0.20640056	     -0.25297182	      0.53836099	     -0.31782789	     -0.35491200	      0.33518776	     -0.26155344	     -0.45159555	      0.03191627	     -0.20876194	     -0.37290701	      0.03124272	     -0.20526528	     -0.37650085	      0.11963114	     -0.25952007	     -0.42422660	      0.96146362	     -0.55566093	     -0.37981385	      0.52761358	     -0.48833619	     -0.35944496	      0.53452489	     -0.37275200	     -0.37384429	      0.31145150	     -0.40093304	     -0.42931606	      0.11874693	     -0.33850822	     -0.34699090	      0.03039269	     -0.46825731	     -0.25888648	      0.02834973	     -0.41335005	     -0.30425550	      0.02892356	     -0.35548987	     -0.48445687	      0.16227764	     -0.30818170	     -0.52733230	      0.16827358	     -0.22598528	     -0.56299417	      0.19834918	     -0.27318813	     -0.44425795	      0.94831372	     -0.20347380	     -0.45767324	      0.08377887	     -0.41963325	     -0.50851170	      0.05203107	     -0.35575296
      0.60000000	     -0.40085410	      1.53569557	     -0.54582535	     -0.41144519	      1.55701314	     -0.21261852	     -0.31372905	      1.05897977	     -0.23476509	     -0.31861478	      1.07914523	     -0.49911212	     -0.52108259	      1.07875338	     -0.41106870	     -0.51612933	      1.07243308	     -0.31975851	     -0.27241726	      0.52960100	     -0.20781995	     -0.23734316	      0.54035084	     -0.31926193	     -0.33108898	      0.33331187	     -0.26246230	     -0.41486389	      0.02724935	     -0.20833667	     -0.33625593	      0.03029552	     -0.20454488	     -0.34376616	      0.11804126	     -0.25943895	     -0.41608351	      0.96192130	     -0.55593290	     -0.37739670	      0.52748979	     -0.48882432	     -0.35684899	      0.53407980	     -0.37325301	     -0.37254670	      0.31111878	     -0.40119440	     -0.42894862	      0.11879260	     -0.33843699	     -0.34717428	      0.03023853	     -0.46823306	     -0.25895309	      0.02834499	     -0.41351030	     -0.30417864	      0.02904297	     -0.35556134	     -0.45326980	      0.15505006	     -0.30881475	     -0.49672114	      0.15967233	     -0.22683231	     -0.53370471	      0.18775768	     -0.27447466	     -0.43465604	      0.94712632	     -0.20380710	     -0.45775225	      0.08392128	     -0.41944630	     -0.50842521	      0.05223645	     -0.35541176
      0.60833333	     -0.39133818	      1.53544884	     -0.54586332	     -0.40238332	      1.55698038	     -0.21268499	     -0.30418798	      1.05860192	     -0.23516807	     -0.30977990	      1.07907692	     -0.49947731	     -0.51200720	      1.07872674	     -0.41088267	     -0.50680956	      1.07229721	     -0.31959369	     -0.25699919	      0.53071824	     -0.20927081	     -0.22180210	      0.54232738	     -0.32058774	     -0.30710572	      0.33158137	     -0.26339407	     -0.37804220	      0.02294303	     -0.20785553	     -0.29970977	      0.02964571	     -0.20330033	     -0.31069120	      0.11658920	     -0.25888238	     -0.40773027	      0.96227246	     -0.55619193	     -0.37495745	      0.52730891	     -0.48938160	     -0.35419389	      0.53354559	     -0.37382927	     -0.37123257	      0.31071384	     -0.40154677	     -0.42856456	      0.11877327	     -0.33845249	     -0.34733767	      0.02999324	     -0.46825942	     -0.25900817	      0.02833118	     -0.41370731	     -0.30408861	      0.02915122	     -0.35568154	     -0.42123439	      0.14805294	     -0.30971837	     -0.46553128	      0.15127209	     -0.22812225	     -0.50348787	      0.17730164	     -0.27639096	     -0.42515407	      0.94588616	     -0.20432609	     -0.45785446	      0.08401580	     -0.41933627	     -0.50833089	      0.05237673	     -0.35514629
      0.61666667	     -0.38150780	      1.53489600	     -0.54575575	     -0.39275011	      1.55667004	     -0.21259977	     -0.29480508	      1.05782828	     -0.23540416	     -0.30099072	      1.07890880	     -0.49965256	     -0.50301142	      1.07857134	     -0.41058777	     -0.49760805	      1.07192922	     -0.31932596	     -0.24201684	      0.53150494	     -0.21088072	     -0.20674469	      0.54399603	     -0.32207836	     -0.28325194	      0.32982328	     -0.26441502	     -0.34099583	      0.01911156	     -0.20735401	     -0.26312870	      0.02951993	     -0.20205928	     -0.27759696	      0.11549927	     -0.25833923	     -0.39920782	      0.96246419	     -0.55644037	     -0.37271285	      0.52708183	     -0.48957337	     -0.35205988	      0.53302684	     -0.37398585	     -0.37021676	      0.31025745	     -0.40167488	     -0.42851253	      0.11862545	     -0.33852580	     -0.34747081	      0.02989688	     -0.46828663	     -0.25913483	      0.02845882	     -0.41374036	     -0.30419445	      0.02929567	     -0.35571770	     -0.38891344	      0.14126736	     -0.31063508	     -0.43401248	      0.14300302	     -0.22943428	     -0.47284731	      0.16688619	     -0.27833392	     -0.41578711	      0.94433877	     -0.20479475	     -0.45805811	      0.08402274	     -0.41938294	     -0.50846017	      0.05231398	     -0.35517466
      0.62500000	     -0.37029438	      1.53365594	     -0.54535364	     -0.38348798	      1.55558118	     -0.21227915	     -0.28495107	      1.05812489	     -0.23593633	     -0.29242654	      1.07908576	     -0.50016091	     -0.49405677	      1.07721446	     -0.41023448	     -0.48821299	      1.07063883	     -0.31899499	     -0.22823304	      0.53191393	     -0.21288149	     -0.19172564	      0.54561593	     -0.32353650	     -0.25988063	      0.32818715	     -0.26509226	     -0.30427232	      0.01609187	     -0.20641672	     -0.22699094	      0.03000141	     -0.20058346	     -0.24472249	      0.11454543	     -0.25809085	     -0.39042818	      0.96246949	     -0.55656373	     -0.37014249	      0.52675994	     -0.48965593	     -0.34917879	      0.53242501	     -0.37411030	     -0.36873030	      0.30971460	     -0.40181056	     -0.42791350	      0.11841067	     -0.33849247	     -0.34730751	      0.02967567	     -0.46826228	     -0.25886670	      0.02868931	     -0.41387837	     -0.30379661	      0.02959603	     -0.35578221	     -0.35632910	      0.13473295	     -0.31121321	     -0.40298474	      0.13530136	     -0.23087993	     -0.44185815	      0.15699767	     -0.28041669	     -0.40629544	      0.94289935	     -0.20583279	     -0.45802483	      0.08402739	     -0.41923443	     -0.50811040	      0.05217296	     -0.35490128
      0.63333333	     -0.36106491	      1.53286754	     -0.54536664	     -0.37411394	      1.55517586	     -0.21231190	     -0.27565074	      1.05674802	     -0.23595772	     -0.28338126	      1.07863267	     -0.50010005	     -0.48491091	      1.07695092	     -0.40994472	     -0.47897743	      1.07004824	     -0.31873518	     -0.21398483	      0.53225887	     -0.21424812	     -0.17757332	      0.54670442	     -0.32484014	     -0.23634573	      0.32662261	     -0.26608240	     -0.26737156	      0.01332607	     -0.20601750	     -0.19092963	      0.03095774	     -0.19916502	     -0.21188333	      0.11431779	     -0.25731301	     -0.38188963	      0.96243421	     -0.55673752	     -0.36761215	      0.52648673	     -0.48982776	     -0.34665167	      0.53186242	     -0.37426772	     -0.36746551	      0.30925809	     -0.40184262	     -0.42765823	      0.11832670	     -0.33835193	     -0.34756807	      0.02954001	     -0.46825973	     -0.25903229	      0.02851401	     -0.41403305	     -0.30384064	      0.02946596	     -0.35586366	     -0.32363103	      0.12887232	     -0.31223517	     -0.37097834	      0.12765525	     -0.23231485	     -0.41049403	      0.14720876	     -0.28251382	     -0.39695360	      0.94106471	     -0.20617783	     -0.45810318	      0.08408880	     -0.41903053	     -0.50812450	      0.05229428	     -0.35460107
      0.64166667	     -0.35168099	      1.53193550	     -0.54529040	     -0.36467467	      1.55450885	     -0.21225135	     -0.26626839	      1.05527788	     -0.23610099	     -0.27432660	      1.07811789	     -0.50015263	     -0.47573385	      1.07646352	     -0.40972368	     -0.46968610	      1.06922530	     -0.31854767	     -0.20010277	      0.53241373	     -0.21553073	     -0.16388384	      0.54747307	     -0.32610410	     -0.21298097	      0.32518481	     -0.26703990	     -0.23032514	      0.01111494	     -0.20586775	     -0.15487923	      0.03234815	     -0.19822655	     -0.17907387	      0.11444958	     -0.25690460	     -0.37324117	      0.96227025	     -0.55702334	     -0.36505653	      0.52617912	     -0.49002701	     -0.34413555	      0.53128536	     -0.37444759	     -0.36620717	      0.30878442	     -0.40189075	     -0.42742591	      0.11823519	     -0.33823322	     -0.34776656	      0.02942264	     -0.46822246	     -0.25916182	      0.02844030	     -0.41410985	     -0.30387326	      0.02942212	     -0.35589104	     -0.29078237	      0.12352147	     -0.31322234	     -0.33871370	      0.12040662	     -0.23370258	     -0.37871511	      0.13787782	     -0.28442909	     -0.38742721	      0.93922348	     -0.20656977	     -0.45818395	      0.08414174	     -0.41885422	     -0.50814082	      0.05237866	     -0.35434738
      0.65000000	     -0.34101041	      1.53050280	     -0.54447143	     -0.35520868	      1.55296545	     -0.21147407	     -0.25661924	      1.05480503	     -0.23615363	     -0.26535379	      1.07792891	     -0.50015905	     -0.46656417	      1.07487525	     -0.40932915	     -0.46028709	      1.06755981	     -0.31817481	     -0.18684634	      0.53232729	     -0.21693788	     -0.15067897	      0.54802351	     -0.32743953	     -0.19011547	      0.32392533	     -0.26791392	     -0.19332371	      0.00987272	     -0.20591252	     -0.11897827	      0.03470920	     -0.19788258	     -0.14660472	      0.11513559	     -0.25735731	     -0.36407139	      0.96201126	     -0.55700061	     -0.36244237	      0.52583775	     -0.49006047	     -0.34143868	      0.53061387	     -0.37448194	     -0.36486474	      0.30822292	     -0.40192409	     -0.42708392	      0.11803397	     -0.33815917	     -0.34784029	      0.02916040	     -0.46815942	     -0.25921943	      0.02857758	     -0.41407791	     -0.30380130	      0.02942633	     -0.35588536	     -0.25818037	      0.11875225	     -0.31401333	     -0.30674201	      0.11376507	     -0.23497283	     -0.34696597	      0.12920387	     -0.28600266	     -0.37716564	      0.93771488	     -0.20672124	     -0.45826819	      0.08415610	     -0.41870726	     -0.50807058	      0.05235227	     -0.35412957
      0.65833333	     -0.33093761	      1.52896414	     -0.54466942	     -0.34455798	      1.55188273	     -0.21167899	     -0.24750417	      1.05257954	     -0.23639188	     -0.25645996	      1.07707191	     -0.50026645	     -0.45757641	      1.07423426	     -0.40922178	     -0.45122070	      1.06643534	     -0.31811298	     -0.17370159	      0.53205825	     -0.21761700	     -0.13810800	      0.54797377	     -0.32827349	     -0.16735122	      0.32271705	     -0.26870746	     -0.15611286	      0.00905043	     -0.20660607	     -0.08303348	      0.03730522	     -0.19845997	     -0.11420728	      0.11629059	     -0.25811305	     -0.35560185	      0.96142718	     -0.55748753	     -0.35904643	      0.52533034	     -0.49011800	     -0.33817001	      0.52998209	     -0.37451134	     -0.36319370	      0.30771161	     -0.40187244	     -0.42684650	      0.11801332	     -0.33806094	     -0.34801843	      0.02933636	     -0.46824257	     -0.25934560	      0.02864416	     -0.41424904	     -0.30385348	      0.02942963	     -0.35601771	     -0.22557443	      0.11458241	     -0.31501084	     -0.27428900	      0.10739401	     -0.23623443	     -0.31491250	      0.12090362	     -0.28742586	     -0.36775528	      0.93566337	     -0.20708201	     -0.45824645	      0.08433598	     -0.41860935	     -0.50809870	      0.05254819	     -0.35400625
      0.66666667	     -0.32232541	      1.52799641	     -0.54433401	     -0.33663404	      1.55111834	     -0.21138650	     -0.23770825	      1.05081937	     -0.23640449	     -0.24686209	      1.07644032	     -0.50016507	     -0.44790441	      1.07341716	     -0.40896278	     -0.44147967	      1.06522531	     -0.31789331	     -0.16090264	      0.53157644	     -0.21849534	     -0.12592252	      0.54768940	     -0.32931876	     -0.14485010	      0.32171380	     -0.26967831	     -0.11906011	      0.00900024	     -0.20757320	     -0.04737142	      0.04059539	     -0.19936286	     -0.08203598	      0.11795739	     -0.25921675	     -0.34648818	      0.96111814	     -0.55769023	     -0.35668753	      0.52514796	     -0.49018507	     -0.33574574	      0.52951196	     -0.37457902	     -0.36193068	      0.30734225	     -0.40176093	     -0.42639892	      0.11801163	     -0.33767667	     -0.34820502	      0.02917006	     -0.46800911	     -0.25939492	      0.02843959	     -0.41424365	     -0.30373493	      0.02932594	     -0.35590489	     -0.19303713	      0.11106361	     -0.31613780	     -0.24178107	      0.10164441	     -0.23761511	     -0.28268706	      0.11328080	     -0.28888793	     -0.35747708	      0.93393809	     -0.20715939	     -0.45822023	      0.08446859	     -0.41811568	     -0.50793698	      0.05277149	     -0.35336580
      0.67500000	     -0.31208081	      1.52600059	     -0.54379843	     -0.32723754	      1.54932965	     -0.21090290	     -0.22815355	      1.04960075	     -0.23655959	     -0.23816034	      1.07594531	     -0.50021789	     -0.43893541	      1.07157206	     -0.40848318	     -0.43221974	      1.06314793	     -0.31745590	     -0.14868332	      0.53083421	     -0.21941463	     -0.11422115	      0.54714202	     -0.33037173	     -0.12278689	      0.32090047	     -0.27060813	     -0.08199470	      0.00990767	     -0.20895963	     -0.01176651	      0.04478346	     -0.20108268	     -0.05005964	      0.12015078	     -0.26126747	     -0.33763588	      0.96052495	     -0.55779497	     -0.35356910	      0.52472128	     -0.49032450	     -0.33249941	      0.52879557	     -0.37473111	     -0.36024684	      0.30680937	     -0.40179856	     -0.42588032	      0.11794747	     -0.33751438	     -0.34827808	      0.02904240	     -0.46796563	     -0.25941203	      0.02856805	     -0.41429976	     -0.30356745	      0.02929191	     -0.35595729	     -0.16069614	      0.10818829	     -0.31719565	     -0.20943195	      0.09652160	     -0.23897023	     -0.25042168	      0.10641640	     -0.29006892	     -0.34712318	      0.93225294	     -0.20718610	     -0.45813912	      0.08461407	     -0.41786622	     -0.50773908	      0.05295368	     -0.35300974
      0.68333333	     -0.30275954	      1.52456286	     -0.54359130	     -0.31786394	      1.54811571	     -0.21070916	     -0.21854080	      1.04727612	     -0.23670085	     -0.22882903	      1.07488668	     -0.50021874	     -0.42949273	      1.07060712	     -0.40823626	     -0.42267815	      1.06173737	     -0.31725867	     -0.13643358	      0.53001375	     -0.21979627	     -0.10308372	      0.54611981	     -0.33112213	     -0.10096951	      0.32029263	     -0.27155430	     -0.04509129	      0.01162705	     -0.21090096	      0.02354108	      0.04962281	     -0.20366016	     -0.01857970	      0.12310537	     -0.26361926	     -0.32873341	      0.95979059	     -0.55812972	     -0.35027990	      0.52426608	     -0.49041620	     -0.32927849	      0.52814230	     -0.37480358	     -0.35856159	      0.30632459	     -0.40172606	     -0.42549000	      0.11796792	     -0.33729483	     -0.34838464	      0.02912428	     -0.46789778	     -0.25944421	      0.02856336	     -0.41435750	     -0.30349853	      0.02928747	     -0.35595950	     -0.12882058	      0.10609102	     -0.31841544	     -0.17693536	      0.09203803	     -0.24019788	     -0.21830235	      0.10019473	     -0.29098836	     -0.33682239	      0.93044792	     -0.20707933	     -0.45803802	      0.08482051	     -0.41760698	     -0.50763439	      0.05321352	     -0.35268650
      0.69166667	     -0.29344494	      1.52312212	     -0.54335855	     -0.30883918	      1.54686156	     -0.21050294	     -0.20879692	      1.04525417	     -0.23676756	     -0.21933137	      1.07379050	     -0.50017707	     -0.41990228	      1.06943795	     -0.40799584	     -0.41300188	      1.06024458	     -0.31705685	     -0.12456343	      0.52908427	     -0.22019050	     -0.09232832	      0.54496068	     -0.33187713	     -0.07956600	      0.32002115	     -0.27274893	     -0.00867668	      0.01430420	     -0.21352908	      0.05824619	      0.05530144	     -0.20697031	      0.01235905	      0.12678958	     -0.26657660	     -0.31970947	      0.95905063	     -0.55830441	     -0.34675949	      0.52382081	     -0.49067102	     -0.32563317	      0.52740298	     -0.37507168	     -0.35670913	      0.30585327	     -0.40176816	     -0.42501320	      0.11808839	     -0.33705393	     -0.34863134	      0.02908206	     -0.46779476	     -0.25958052	      0.02841364	     -0.41444187	     -0.30347900	      0.02922890	     -0.35596357	     -0.09732164	      0.10485531	     -0.32010265	     -0.14466264	      0.08836565	     -0.24188866	     -0.18634127	      0.09486338	     -0.29230605	     -0.32628579	      0.92882701	     -0.20682105	     -0.45800333	      0.08514763	     -0.41727065	     -0.50754476	      0.05367938	     -0.35222696
      0.70000000	     -0.28309578	      1.52137432	     -0.54271680	     -0.29956846	      1.54488131	     -0.20989632	     -0.19907297	      1.04394660	     -0.23686723	     -0.20994317	      1.07265406	     -0.50024451	     -0.41041634	      1.06746943	     -0.40789386	     -0.40340254	      1.05822931	     -0.31696829	     -0.11308233	      0.52803983	     -0.22060340	     -0.08193436	      0.54366852	     -0.33263292	     -0.05867516	      0.32007054	     -0.27406380	      0.02707762	      0.01806021	     -0.21656895	      0.09216702	      0.06199759	     -0.21076414	      0.04255820	      0.13125032	     -0.27002783	     -0.31043366	      0.95802254	     -0.55834328	     -0.34299793	      0.52316487	     -0.49074634	     -0.32165976	      0.52645198	     -0.37517714	     -0.35472186	      0.30517723	     -0.40184367	     -0.42450790	      0.11800463	     -0.33699496	     -0.34867415	      0.02895106	     -0.46775454	     -0.25960298	      0.02860150	     -0.41444001	     -0.30336996	      0.02931979	     -0.35598529	     -0.06638475	      0.10444384	     -0.32201863	     -0.11283288	      0.08553646	     -0.24381640	     -0.15475072	      0.09041508	     -0.29379283	     -0.31540035	      0.92745310	     -0.20641284	     -0.45800197	      0.08537886	     -0.41713155	     -0.50741683	      0.05389257	     -0.35202598
      0.70833333	     -0.27384642	      1.51966811	     -0.54247969	     -0.28964021	      1.54325056	     -0.20963163	     -0.18960160	      1.04139507	     -0.23714069	     -0.20094714	      1.07129515	     -0.50036518	     -0.40123989	      1.06621839	     -0.40761793	     -0.39406027	      1.05655814	     -0.31674898	     -0.10157965	      0.52685264	     -0.22082699	     -0.07164177	      0.54210042	     -0.33323827	     -0.03825554	      0.32032149	     -0.27538774	      0.06179668	      0.02286476	     -0.21981329	      0.12490457	      0.06966033	     -0.21491387	      0.07155142	      0.13648199	     -0.27371571	     -0.30168924	      0.95690550	     -0.55873690	     -0.33844076	      0.52241764	     -0.49090919	     -0.31724862	      0.52558037	     -0.37530965	     -0.35238620	      0.30461423	     -0.40189054	     -0.42406215	      0.11815932	     -0.33703568	     -0.34857867	      0.02911075	     -0.46777487	     -0.25955351	      0.02856986	     -0.41438627	     -0.30335014	      0.02934533	     -0.35597463	     -0.03641325	      0.10471851	     -0.32402869	     -0.08169256	      0.08349200	     -0.24573613	     -0.12394244	      0.08666675	     -0.29524927	     -0.30522626	      0.92557830	     -0.20630725	     -0.45774039	      0.08580430	     -0.41720484	     -0.50733777	      0.05442593	     -0.35215002
      0.71666667	     -0.26415187	      1.51807399	     -0.54161393	     -0.28108697	      1.54137831	     -0.20880240	     -0.17937324	      1.04062149	     -0.23711731	     -0.19161247	      1.07003637	     -0.50035643	     -0.39161612	      1.06402412	     -0.40704296	     -0.38413164	      1.05454902	     -0.31617912	     -0.09104848	      0.52543470	     -0.22142202	     -0.06189249	      0.54059806	     -0.33405002	     -0.01869352	      0.32087165	     -0.27704534	      0.09506826	      0.02820411	     -0.22329292	      0.15608307	      0.07776348	     -0.21865180	      0.09957771	      0.14212208	     -0.27725461	     -0.29216960	      0.95582302	     -0.55839809	     -0.33490178	      0.52183176	     -0.49089610	     -0.31361814	      0.52460923	     -0.37530347	     -0.35052161	      0.30395071	     -0.40189396	     -0.42354094	      0.11804718	     -0.33695491	     -0.34860197	      0.02898587	     -0.46777411	     -0.25953983	      0.02859532	     -0.41445072	     -0.30321344	      0.02930243	     -0.35603893	     -0.00706077	      0.10578870	     -0.32662337	     -0.05142862	      0.08219397	     -0.24848702	     -0.09367696	      0.08384079	     -0.29772478	     -0.29411481	      0.92440794	     -0.20563175	     -0.45765838	      0.08599776	     -0.41706109	     -0.50716676	      0.05461984	     -0.35195303
      0.72500000	     -0.25439779	      1.51646931	     -0.54108087	     -0.27168784	      1.53969971	     -0.20828243	     -0.16943165	      1.03889674	     -0.23720476	     -0.18236511	      1.06843895	     -0.50039643	     -0.38212173	      1.06239198	     -0.40655753	     -0.37439759	      1.05287277	     -0.31571836	     -0.08067860	      0.52381768	     -0.22219564	     -0.05253271	      0.53881742	     -0.33510216	      0.00002605	      0.32148211	     -0.27873284	      0.12665457	      0.03398341	     -0.22651703	      0.18560838	      0.08598394	     -0.22239493	      0.12607412	      0.14793435	     -0.28059425	     -0.28291936	      0.95454811	     -0.55835679	     -0.33029404	      0.52101482	     -0.49101070	     -0.30919372	      0.52355185	     -0.37537894	     -0.34815719	      0.30328128	     -0.40192163	     -0.42305139	      0.11811787	     -0.33700322	     -0.34849353	      0.02896635	     -0.46777954	     -0.25951559	      0.02844593	     -0.41432088	     -0.30320158	      0.02912269	     -0.35600484	      0.02080574	      0.10724010	     -0.32895777	     -0.02240237	      0.08153850	     -0.25083612	     -0.06471876	      0.08164834	     -0.29976047	     -0.28352957	      0.92284858	     -0.20514449	     -0.45735625	      0.08635815	     -0.41714473	     -0.50707122	      0.05513237	     -0.35209517
      0.73333333	     -0.24477898	      1.51482452	     -0.54049912	     -0.26253940	      1.53799028	     -0.20772094	     -0.15939290	      1.03715261	     -0.23731940	     -0.17318688	      1.06675210	     -0.50046094	     -0.37263593	      1.06066933	     -0.40597238	     -0.36461485	      1.05113060	     -0.31516099	     -0.07022957	      0.52219658	     -0.22272256	     -0.04300138	      0.53701823	     -0.33587736	      0.01817281	      0.32226994	     -0.28036803	      0.15642914	      0.03988042	     -0.22971372	      0.21333562	      0.09410766	     -0.22572808	      0.15118939	      0.15384593	     -0.28350877	     -0.27379303	      0.95320329	     -0.55824861	     -0.32566722	      0.52015195	     -0.49111759	     -0.30463510	      0.52242607	     -0.37546794	     -0.34572929	      0.30259663	     -0.40186932	     -0.42246886	      0.11822593	     -0.33685003	     -0.34846652	      0.02914530	     -0.46776286	     -0.25947101	      0.02847535	     -0.41433788	     -0.30307624	      0.02908266	     -0.35602795	      0.04742165	      0.10922439	     -0.33145694	      0.00541187	      0.08151626	     -0.25336760	     -0.03694458	      0.08020607	     -0.30210673	     -0.27294032	      0.92125398	     -0.20465443	     -0.45704480	      0.08674437	     -0.41698480	     -0.50687189	      0.05563538	     -0.35191628
      0.74166667	     -0.23566904	      1.51291032	     -0.54022477	     -0.25299945	      1.53634154	     -0.20744250	     -0.14955777	      1.03467653	     -0.23728007	     -0.16395916	      1.06503954	     -0.50030204	     -0.36317935	      1.05911457	     -0.40532190	     -0.35494724	      1.04930545	     -0.31455822	     -0.05960762	      0.52033199	     -0.22345802	     -0.03320023	      0.53508123	     -0.33681663	      0.03574200	      0.32294095	     -0.28180872	      0.18450120	      0.04596135	     -0.23223782	      0.23942082	      0.10219214	     -0.22859439	      0.17488092	      0.15960454	     -0.28610968	     -0.26490614	      0.95184036	     -0.55815770	     -0.32029101	      0.51919192	     -0.49123373	     -0.29918492	      0.52123128	     -0.37559318	     -0.34281905	      0.30195817	     -0.40182825	     -0.42169683	      0.11853905	     -0.33667649	     -0.34843213	      0.02943151	     -0.46775582	     -0.25938675	      0.02838078	     -0.41442116	     -0.30290842	      0.02906272	     -0.35607581	      0.07271536	      0.11122490	     -0.33341552	      0.03181635	      0.08182047	     -0.25535684	     -0.01049752	      0.07910041	     -0.30391490	     -0.26274187	      0.91912516	     -0.20434257	     -0.45660942	      0.08738985	     -0.41679518	     -0.50658381	      0.05648057	     -0.35169200
      0.75000000	     -0.22546515	      1.51143559	     -0.53912675	     -0.24418761	      1.53457169	     -0.20639924	     -0.13885816	      1.03362883	     -0.23732135	     -0.15467324	      1.06312450	     -0.50036081	     -0.35338993	      1.05710533	     -0.40433759	     -0.34467138	      1.04760200	     -0.31358680	     -0.04901859	      0.51872155	     -0.22432388	     -0.02379634	      0.53335479	     -0.33796706	      0.05243155	      0.32385457	     -0.28325497	      0.21068075	      0.05205938	     -0.23437381	      0.26365012	      0.11018829	     -0.23081433	      0.19703881	      0.16530804	     -0.28820818	     -0.25571518	      0.95042501	     -0.55755437	     -0.31481783	      0.51812630	     -0.49155685	     -0.29339411	      0.51968677	     -0.37596726	     -0.33985258	      0.30115674	     -0.40201599	     -0.42091169	      0.11878118	     -0.33661260	     -0.34849230	      0.02948541	     -0.46774118	     -0.25942023	      0.02845692	     -0.41445513	     -0.30279277	      0.02911875	     -0.35613299	      0.09637830	      0.11352959	     -0.33508225	      0.05675584	      0.08272993	     -0.25690330	      0.01440096	      0.07862041	     -0.30528964	     -0.25125810	      0.91787328	     -0.20330023	     -0.45637796	      0.08803787	     -0.41664482	     -0.50635792	      0.05729845	     -0.35146867
      0.75833333	     -0.21552369	      1.50944305	     -0.53844359	     -0.23483318	      1.53273739	     -0.20576068	     -0.12842170	      1.03176576	     -0.23749182	     -0.14566847	      1.06142895	     -0.50042244	     -0.34386368	      1.05516885	     -0.40334266	     -0.33465182	      1.04561060	     -0.31264639	     -0.03812790	      0.51696640	     -0.22494496	     -0.01364835	      0.53154193	     -0.33875784	      0.06864322	      0.32449419	     -0.28454149	      0.23488111	      0.05780143	     -0.23645456	      0.28598030	      0.11761080	     -0.23294087	      0.21759274	      0.17054477	     -0.29030205	     -0.24700287	      0.94900729	     -0.55720573	     -0.30891935	      0.51704760	     -0.49156929	     -0.28699500	      0.51828767	     -0.37606973	     -0.33656458	      0.30049873	     -0.40210653	     -0.41995800	      0.11922184	     -0.33658362	     -0.34850325	      0.02961174	     -0.46775511	     -0.25942487	      0.02845901	     -0.41448565	     -0.30266100	      0.02916528	     -0.35620575	      0.11862233	      0.11564283	     -0.33685948	      0.08001979	      0.08354481	     -0.25869256	      0.03773623	      0.07815873	     -0.30702208	     -0.24044559	      0.91602143	     -0.20286449	     -0.45603821	      0.08900526	     -0.41654200	     -0.50606030	      0.05848236	     -0.35132195
      0.76666667	     -0.20656766	      1.50763505	     -0.53801747	     -0.22524079	      1.53117542	     -0.20531555	     -0.11831583	      1.02960137	     -0.23727091	     -0.13631773	      1.05981670	     -0.50008802	     -0.33422764	      1.05358795	     -0.40242594	     -0.32475454	      1.04383549	     -0.31177727	     -0.02673368	      0.51543175	     -0.22569059	     -0.00304428	      0.53005070	     -0.33966500	      0.08439380	      0.32516395	     -0.28561262	      0.25735583	      0.06319065	     -0.23802030	      0.30687680	      0.12431058	     -0.23494914	      0.23689354	      0.17524099	     -0.29220072	     -0.23794696	      0.94769623	     -0.55681247	     -0.30250129	      0.51607503	     -0.49149133	     -0.28037768	      0.51706253	     -0.37602734	     -0.33302125	      0.30005998	     -0.40205582	     -0.41895118	      0.11997081	     -0.33653510	     -0.34845529	      0.02996245	     -0.46778382	     -0.25939091	      0.02807592	     -0.41451253	     -0.30259310	      0.02905180	     -0.35624548	      0.13939947	      0.11761146	     -0.33805609	      0.10172926	      0.08456270	     -0.25983051	      0.05951605	      0.07802898	     -0.30801707	     -0.22991686	      0.91397398	     -0.20233245	     -0.45541764	      0.09024519	     -0.41650228	     -0.50573033	      0.06012257	     -0.35129627
      0.77500000	     -0.19740357	      1.50599241	     -0.53763763	     -0.21560867	      1.52977950	     -0.20492732	     -0.10800133	      1.02776329	     -0.23718223	     -0.12706866	      1.05811263	     -0.49990875	     -0.32457422	      1.05209818	     -0.40141818	     -0.31473281	      1.04229528	     -0.31081419	     -0.01581749	      0.51385182	     -0.22675949	      0.00721513	      0.52863559	     -0.34084719	      0.09920402	      0.32571598	     -0.28682147	      0.27794672	      0.06728724	     -0.23938743	      0.32625988	      0.12935149	     -0.23634545	      0.25520929	      0.17895713	     -0.29344617	     -0.22904399	      0.94638018	     -0.55632147	     -0.29582665	      0.51503508	     -0.49141809	     -0.27337803	      0.51573764	     -0.37601476	     -0.32929040	      0.29963122	     -0.40202684	     -0.41783856	      0.12082809	     -0.33647006	     -0.34838927	      0.03025889	     -0.46771918	     -0.25935879	      0.02765918	     -0.41442213	     -0.30252261	      0.02896699	     -0.35618645	      0.15877976	      0.11943667	     -0.33929580	      0.12185384	      0.08555318	     -0.26107246	      0.07978955	      0.07824566	     -0.30920112	     -0.21939081	      0.91209755	     -0.20179628	     -0.45476539	      0.09163945	     -0.41642378	     -0.50535474	      0.06196907	     -0.35122574
      0.78333333	     -0.18598378	      1.50470524	     -0.53625521	     -0.20707109	      1.52838078	     -0.20370717	     -0.09688530	      1.02707616	     -0.23732856	     -0.11800247	      1.05616050	     -0.50004140	     -0.31474031	      1.05036472	     -0.40001319	     -0.30419294	      1.04100214	     -0.30944208	     -0.00508295	      0.51247144	     -0.22799119	      0.01814533	      0.52787503	     -0.34195716	      0.11319349	      0.32624740	     -0.28801978	      0.29602906	      0.07016652	     -0.24062307	      0.34352471	      0.13284883	     -0.23712598	      0.27210641	      0.18172786	     -0.29439364	     -0.22049229	      0.94505887	     -0.55531032	     -0.28921635	      0.51387092	     -0.49139684	     -0.26579864	      0.51402501	     -0.37618421	     -0.32545373	      0.29902496	     -0.40228116	     -0.41653490	      0.12156378	     -0.33654855	     -0.34839976	      0.03014716	     -0.46761838	     -0.25944342	      0.02773781	     -0.41419003	     -0.30239737	      0.02903362	     -0.35613964	      0.17654666	      0.12117830	     -0.34081200	      0.13965753	      0.08640146	     -0.26296427	      0.09804279	      0.07886236	     -0.31123551	     -0.20875407	      0.91055019	     -0.20122740	     -0.45438119	      0.09313242	     -0.41634506	     -0.50493158	      0.06380420	     -0.35108766
      0.79166667	     -0.17662297	      1.50353042	     -0.53560987	     -0.19680852	      1.52700695	     -0.20299178	     -0.08621935	      1.02576360	     -0.23742250	     -0.10879341	      1.05431270	     -0.50007290	     -0.30496610	      1.04899262	     -0.39891467	     -0.29391564	      1.03981022	     -0.30838510	      0.00639473	      0.51141819	     -0.22881498	      0.02923405	      0.52709344	     -0.34282251	      0.12679603	      0.32656955	     -0.28919640	      0.31250954	      0.07186894	     -0.24178604	      0.35935300	      0.13500056	     -0.23761701	      0.28762255	      0.18362257	     -0.29471301	     -0.21161565	      0.94371399	     -0.55467952	     -0.28205664	      0.51272360	     -0.49130505	     -0.25822445	      0.51256013	     -0.37617746	     -0.32135188	      0.29863050	     -0.40230176	     -0.41516084	      0.12260085	     -0.33655625	     -0.34818612	      0.03051653	     -0.46759208	     -0.25930415	      0.02743480	     -0.41407328	     -0.30220057	      0.02900045	     -0.35611114	      0.19265246	      0.12237090	     -0.34229836	      0.15621874	      0.08703239	     -0.26448911	      0.11466714	      0.07914023	     -0.31296058	     -0.19814895	      0.90895371	     -0.20066702	     -0.45350034	      0.09478825	     -0.41633537	     -0.50434529	      0.06597302	     -0.35109501
      0.80000000	     -0.16690373	      1.50236141	     -0.53472631	     -0.18731718	      1.52561410	     -0.20210640	     -0.07552457	      1.02448294	     -0.23747904	     -0.09943936	      1.05256909	     -0.50006069	     -0.29508977	      1.04754254	     -0.39788113	     -0.28357688	      1.03851787	     -0.30739334	      0.01818759	      0.51045397	     -0.22958525	      0.04068219	      0.52641029	     -0.34362233	      0.13967082	      0.32644020	     -0.29017879	      0.32694155	      0.07225873	     -0.24279225	      0.37348439	      0.13560030	     -0.23816240	      0.30163640	      0.18419418	     -0.29513348	     -0.20258060	      0.94240722	     -0.55405474	     -0.27464694	      0.51161086	     -0.49119048	     -0.25035151	      0.51112929	     -0.37616065	     -0.31708903	      0.29834864	     -0.40240824	     -0.41370700	      0.12382143	     -0.33672529	     -0.34795356	      0.03087490	     -0.46763261	     -0.25920609	      0.02710004	     -0.41393213	     -0.30206623	      0.02897070	     -0.35611715	      0.20684351	      0.12271036	     -0.34343253	      0.17070780	      0.08709241	     -0.26561173	      0.12915608	      0.07906929	     -0.31417027	     -0.18744392	      0.90733471	     -0.20015269	     -0.45255566	      0.09670007	     -0.41649608	     -0.50373668	      0.06847365	     -0.35130390
      0.80833333	     -0.15614992	      1.50127026	     -0.53381644	     -0.17828160	      1.52440126	     -0.20129795	     -0.06413174	      1.02335909	     -0.23766940	     -0.08948445	      1.05078933	     -0.50018547	     -0.28456933	      1.04611913	     -0.39691354	     -0.27256065	      1.03731887	     -0.30646809	      0.02982861	      0.50927008	     -0.23047292	      0.05298981	      0.52590423	     -0.34427946	      0.15174769	      0.32566832	     -0.29116963	      0.33895799	      0.07131326	     -0.24408727	      0.38548030	      0.13468340	     -0.23893372	      0.31397440	      0.18342450	     -0.29620628	     -0.19334251	      0.94120006	     -0.55334109	     -0.26739183	      0.51067371	     -0.49093332	     -0.24215720	      0.50976672	     -0.37610844	     -0.31275633	      0.29820489	     -0.40263607	     -0.41201596	      0.12515563	     -0.33698163	     -0.34785956	      0.03093464	     -0.46764849	     -0.25931125	      0.02714467	     -0.41360115	     -0.30196033	      0.02889325	     -0.35614036	      0.21932530	      0.12221394	     -0.34496143	      0.18272200	      0.08621867	     -0.26753376	      0.14147321	      0.07852208	     -0.31625440	     -0.17687911	      0.90552288	     -0.20013215	     -0.45169765	      0.09892875	     -0.41664140	     -0.50303729	      0.07132736	     -0.35144731
      0.81666667	     -0.14643949	      1.50045107	     -0.53277610	     -0.16827787	      1.52288389	     -0.20019039	     -0.05325931	      1.02218689	     -0.23775816	     -0.07958142	      1.04910030	     -0.50023232	     -0.27428052	      1.04473418	     -0.39622170	     -0.26193757	      1.03611038	     -0.30580426	      0.04249649	      0.50872620	     -0.23086970	      0.06510682	      0.52546492	     -0.34477165	      0.16348386	      0.32485875	     -0.29221295	      0.34980270	      0.06924364	     -0.24575083	      0.39663672	      0.13235490	     -0.24037883	      0.32519988	      0.18176477	     -0.29716287	     -0.18376597	      0.93993691	     -0.55285768	     -0.25972424	      0.50969456	     -0.49078646	     -0.23408871	      0.50850121	     -0.37605304	     -0.30830825	      0.29817611	     -0.40283614	     -0.41041034	      0.12671202	     -0.33738189	     -0.34755682	      0.03136374	     -0.46780389	     -0.25923643	      0.02676094	     -0.41343474	     -0.30189444	      0.02886946	     -0.35620777	      0.23001924	      0.12115465	     -0.34635779	      0.19375654	      0.08530712	     -0.26870164	      0.15217553	      0.07776093	     -0.31738361	     -0.16571760	      0.90411845	     -0.19961633	     -0.45053019	      0.10124419	     -0.41706847	     -0.50230745	      0.07438140	     -0.35197584
      0.82500000	     -0.13710936	      1.49937990	     -0.53258142	     -0.15865874	      1.52173618	     -0.19997170	     -0.04209456	      1.02102918	     -0.23766471	     -0.06882908	      1.04773722	     -0.50011817	     -0.26336791	      1.04334136	     -0.39580934	     -0.25088324	      1.03479008	     -0.30540446	      0.05466641	      0.50776856	     -0.23158173	      0.07699854	      0.52471793	     -0.34550741	      0.17408177	      0.32326134	     -0.29330817	      0.35863177	      0.06594391	     -0.24758880	      0.40613471	      0.12852865	     -0.24250907	      0.33487034	      0.17872994	     -0.29881581	     -0.17310743	      0.93883904	     -0.55255789	     -0.25224350	      0.50917488	     -0.49045177	     -0.22655837	      0.50778860	     -0.37573161	     -0.30394508	      0.29855168	     -0.40289045	     -0.40871648	      0.12855532	     -0.33782725	     -0.34708680	      0.03195496	     -0.46798951	     -0.25902197	      0.02580537	     -0.41336151	     -0.30182387	      0.02878238	     -0.35624797	      0.23885614	      0.11904927	     -0.34767442	      0.20261163	      0.08348793	     -0.26987832	      0.16078758	      0.07637680	     -0.31836403	     -0.15431961	      0.90267222	     -0.19931936	     -0.44904841	      0.10377020	     -0.41762198	     -0.50142419	      0.07778937	     -0.35269167
      0.83333333	     -0.12614768	      1.49870834	     -0.53080710	     -0.14733099	      1.51964941	     -0.19808178	     -0.03080357	      1.02012618	     -0.23774584	     -0.05847136	      1.04591019	     -0.50019498	     -0.25264382	      1.04169051	     -0.39519848	     -0.23983830	      1.03346056	     -0.30480867	      0.06855393	      0.50766380	     -0.23143068	      0.09078616	      0.52484059	     -0.34534184	      0.18506150	      0.32185065	     -0.29399323	      0.36583191	      0.06239889	     -0.24936834	      0.41399822	      0.12447872	     -0.24445766	      0.34304693	      0.17543986	     -0.30047691	     -0.16290128	      0.93749394	     -0.55203885	     -0.24405272	      0.50809817	     -0.49068183	     -0.21804143	      0.50631740	     -0.37604064	     -0.29921152	      0.29859892	     -0.40330141	     -0.40698550	      0.13045740	     -0.33832276	     -0.34672508	      0.03261869	     -0.46811863	     -0.25891582	      0.02552385	     -0.41318544	     -0.30175296	      0.02910268	     -0.35627000	      0.24639131	      0.11675145	     -0.34901094	      0.21007287	      0.08163813	     -0.27104600	      0.16786231	      0.07487572	     -0.31945874	     -0.14291853	      0.90121793	     -0.19888128	     -0.44773293	      0.10641884	     -0.41813479	     -0.50055856	      0.08127707	     -0.35330558
      0.84166667	     -0.11561668	      1.49830972	     -0.52989907	     -0.13781898	      1.51864068	     -0.19720234	     -0.01900368	      1.01916509	     -0.23793965	     -0.04754691	      1.04419593	     -0.50036794	     -0.24135577	      1.04067407	     -0.39467625	     -0.22824753	      1.03269719	     -0.30430715	      0.08154521	      0.50720534	     -0.23193324	      0.10342695	      0.52455414	     -0.34588619	      0.19495522	      0.32004772	     -0.29490716	      0.37209131	      0.05812006	     -0.25121367	      0.42116879	      0.11954970	     -0.24674784	      0.35060426	      0.17133609	     -0.30249660	     -0.15326760	      0.93660669	     -0.55131777	     -0.23659148	      0.50756519	     -0.49039579	     -0.20920988	      0.50522206	     -0.37608428	     -0.29445831	      0.29897047	     -0.40394457	     -0.40469336	      0.13236891	     -0.33912805	     -0.34656438	      0.03244839	     -0.46829437	     -0.25909514	      0.02585010	     -0.41267737	     -0.30165058	      0.02912545	     -0.35641641	      0.25279172	      0.11397153	     -0.35005715	      0.21643041	      0.07950634	     -0.27182345	      0.17382239	      0.07331501	     -0.31990754	     -0.13111330	      0.90004459	     -0.19848783	     -0.44648223	      0.10954743	     -0.41875867	     -0.49938326	      0.08525364	     -0.35395972
      0.85000000	     -0.10524561	      1.49773321	     -0.52894900	     -0.12710942	      1.51721813	     -0.19617924	     -0.00742021	      1.01851114	     -0.23789506	     -0.03644370	      1.04280043	     -0.50034037	     -0.23006703	      1.03931680	     -0.39430789	     -0.21679423	      1.03159943	     -0.30394027	      0.09457694	      0.50680212	     -0.23231934	      0.11592543	      0.52421898	     -0.34636302	      0.20429969	      0.31807255	     -0.29586286	      0.37716411	      0.05343005	     -0.25321559	      0.42728837	      0.11401002	     -0.24944934	      0.35704622	      0.16684002	     -0.30462520	     -0.14217943	      0.93563673	     -0.55094031	     -0.22846911	      0.50710618	     -0.49055291	     -0.20102886	      0.50441328	     -0.37626317	     -0.28958441	      0.29959265	     -0.40439892	     -0.40256483	      0.13472619	     -0.33987370	     -0.34595498	      0.03310261	     -0.46852139	     -0.25885187	      0.02501246	     -0.41252293	     -0.30152818	      0.02928811	     -0.35646480	      0.25800218	      0.11092213	     -0.35116860	      0.22172144	      0.07722436	     -0.27256405	      0.17859218	      0.07159434	     -0.32029425	     -0.11902390	      0.89904894	     -0.19793863	     -0.44457412	      0.11261872	     -0.41958972	     -0.49807881	      0.08945618	     -0.35495628
      0.85833333	     -0.09484435	      1.49756760	     -0.52783505	     -0.11643399	      1.51597179	     -0.19498587	      0.00436154	      1.01808617	     -0.23775540	     -0.02501082	      1.04127523	     -0.50026140	     -0.21849465	      1.03818381	     -0.39396248	     -0.20510190	      1.03084611	     -0.30358093	      0.10679509	      0.50617370	     -0.23301513	      0.12775895	      0.52379247	     -0.34709914	      0.21282486	      0.31595520	     -0.29687028	      0.38136012	      0.04846254	     -0.25521585	      0.43269893	      0.10798145	     -0.25239072	      0.36287234	      0.16200887	     -0.30693561	     -0.13196701	      0.93496300	     -0.55000814	     -0.22060539	      0.50680243	     -0.49040331	     -0.19176825	      0.50340804	     -0.37647675	     -0.28445633	      0.30026280	     -0.40523058	     -0.39988774	      0.13703896	     -0.34086759	     -0.34578453	      0.03290706	     -0.46866087	     -0.25904164	      0.02518524	     -0.41192719	     -0.30143259	      0.02939522	     -0.35656475	      0.26244629	      0.10779180	     -0.35218475	      0.22607746	      0.07486873	     -0.27329315	      0.18255825	      0.07001161	     -0.32058981	     -0.10696348	      0.89821467	     -0.19729302	     -0.44294245	      0.11623961	     -0.42037762	     -0.49652799	      0.09413929	     -0.35578288
      0.86666667	     -0.08549520	      1.49738473	     -0.52798278	     -0.10634631	      1.51578368	     -0.19508623	      0.01658776	      1.01815744	     -0.23786495	     -0.01368010	      1.04041555	     -0.50034982	     -0.20680623	      1.03750283	     -0.39339737	     -0.19310580	      1.03048883	     -0.30303624	      0.11867216	      0.50575880	     -0.23356476	      0.13848033	      0.52310349	     -0.34789702	      0.22062704	      0.31387295	     -0.29785849	      0.38506621	      0.04301652	     -0.25750792	      0.43777474	      0.10132394	     -0.25582438	      0.36828005	      0.15676102	     -0.30937231	     -0.12055485	      0.93455931	     -0.54958203	     -0.21192298	      0.50690264	     -0.49048367	     -0.18307186	      0.50318037	     -0.37657090	     -0.27902939	      0.30155408	     -0.40579980	     -0.39720928	      0.14011611	     -0.34192239	     -0.34498445	      0.03362976	     -0.46887842	     -0.25876890	      0.02392248	     -0.41165610	     -0.30133861	      0.02968265	     -0.35651992	      0.26587744	      0.10463239	     -0.35285637	      0.22999287	      0.07269816	     -0.27333902	      0.18579408	      0.06871812	     -0.31988058	     -0.09393655	      0.89829302	     -0.19642526	     -0.44038867	      0.12009758	     -0.42156511	     -0.49468297	      0.09948303	     -0.35721770
      0.87500000	     -0.07356313	      1.49799735	     -0.52570404	     -0.09465184	      1.51426934	     -0.19271172	      0.02839159	      1.01861592	     -0.23728778	     -0.00175231	      1.03861767	     -0.49996847	     -0.19493285	      1.03649057	     -0.39309581	     -0.18127551	      1.03025543	     -0.30267108	      0.13008726	      0.50531137	     -0.23413467	      0.14949967	      0.52293741	     -0.34849177	      0.22816102	      0.31205718	     -0.29921781	      0.38764142	      0.03675977	     -0.26033789	      0.44183569	      0.09374385	     -0.25851178	      0.37348685	      0.15124569	     -0.31134888	     -0.10981880	      0.93398441	     -0.54813254	     -0.20304335	      0.50647440	     -0.49090188	     -0.17285112	      0.50178406	     -0.37737306	     -0.27311852	      0.30225947	     -0.40705504	     -0.39390364	      0.14275062	     -0.34320437	     -0.34465308	      0.03360672	     -0.46921014	     -0.25877686	      0.02439046	     -0.41120667	     -0.30098392	      0.02996665	     -0.35685034	      0.26914157	      0.10206276	     -0.35468775	      0.23325047	      0.07073042	     -0.27493425	      0.18867946	      0.06809426	     -0.32110456	     -0.08176581	      0.89807398	     -0.19513820	     -0.43811337	      0.12408380	     -0.42260975	     -0.49245958	      0.10473090	     -0.35826419
      0.88333333	     -0.06301393	      1.49892400	     -0.52423237	     -0.08412708	      1.51371107	     -0.19117234	      0.04053384	      1.01963015	     -0.23698349	      0.00989466	      1.03722316	     -0.49977922	     -0.18308742	      1.03596212	     -0.39253493	     -0.16925997	      1.03055795	     -0.30208257	      0.14112124	      0.50522543	     -0.23425959	      0.15876393	      0.52236370	     -0.34897699	      0.23547943	      0.31062754	     -0.30074698	      0.39043245	      0.02728546	     -0.26386102	      0.44699237	      0.08204154	     -0.26065152	      0.38081742	      0.14363985	     -0.31159684	     -0.09846319	      0.93356339	     -0.54695087	     -0.19348479	      0.50624752	     -0.49124617	     -0.16289680	      0.50091715	     -0.37785161	     -0.26691333	      0.30338775	     -0.40801709	     -0.39055223	      0.14593105	     -0.34453612	     -0.34388210	      0.03416437	     -0.46954421	     -0.25853826	      0.02362262	     -0.41091727	     -0.30072339	      0.03033701	     -0.35699357	      0.27257153	      0.09999477	     -0.35653215	      0.23780540	      0.06930180	     -0.27603517	      0.19244188	      0.06894512	     -0.32151959	     -0.06833222	      0.89906924	     -0.19325686	     -0.43512333	      0.12828018	     -0.42397181	     -0.48997211	      0.11053405	     -0.35981819
      0.89166667	     -0.05181907	      1.49975317	     -0.52332144	     -0.07284496	      1.51347812	     -0.19021044	      0.05249204	      1.02072502	     -0.23674075	      0.02150615	      1.03604814	     -0.49963796	     -0.17133359	      1.03573881	     -0.39213098	     -0.15738673	      1.03111549	     -0.30165368	      0.15158979	      0.50516620	     -0.23452418	      0.16764991	      0.52189635	     -0.34953392	      0.24241815	      0.30931545	     -0.30178567	      0.39302305	      0.01897953	     -0.26674610	      0.45182719	      0.07144904	     -0.26311708	      0.38769411	      0.13641650	     -0.31245893	     -0.08714362	      0.93327593	     -0.54590450	     -0.18319995	      0.50601493	     -0.49157045	     -0.15226660	      0.50015313	     -0.37829587	     -0.26016300	      0.30473757	     -0.40908856	     -0.38683931	      0.14949178	     -0.34615301	     -0.34293252	      0.03488826	     -0.46998502	     -0.25825999	      0.02274186	     -0.41064501	     -0.30045764	      0.03088975	     -0.35718047	      0.27588243	      0.09802821	     -0.35738984	      0.24204388	      0.06806726	     -0.27622458	      0.19618678	      0.06994126	     -0.32077095	     -0.05527165	      0.90017458	     -0.19160974	     -0.43164938	      0.13289782	     -0.42568202	     -0.48707781	      0.11694864	     -0.36180626
      0.90000000	     -0.04125332	      1.50186204	     -0.52227991	     -0.06179159	      1.51381062	     -0.18907005	      0.06448379	      1.02327261	     -0.23631050	      0.03361563	      1.03476694	     -0.49941676	     -0.15927064	      1.03607611	     -0.39200082	     -0.14536413	      1.03276956	     -0.30145962	      0.16204677	      0.50624291	     -0.23435682	      0.17561372	      0.52222625	     -0.34979311	      0.24884264	      0.30900023	     -0.30272023	      0.39587387	      0.01395611	     -0.27032308	      0.45630712	      0.06478178	     -0.26760603	      0.39306363	      0.13170214	     -0.31546150	     -0.07590394	      0.93339852	     -0.54420246	     -0.17289795	      0.50612561	     -0.49165735	     -0.14103854	      0.49947462	     -0.37868344	     -0.25299456	      0.30626981	     -0.41043262	     -0.38241685	      0.15304640	     -0.34813104	     -0.34211384	      0.03506012	     -0.47050185	     -0.25807647	      0.02214801	     -0.41025504	     -0.30007104	      0.03127471	     -0.35752821	      0.27829441	      0.09702438	     -0.35797245	      0.24607959	      0.06791057	     -0.27584392	      0.19940368	      0.07131670	     -0.31900086	     -0.04137974	      0.90276798	     -0.18907500	     -0.42778796	      0.13785482	     -0.42762220	     -0.48352058	      0.12379050	     -0.36398673
      0.90833333	     -0.03035482	      1.50382455	     -0.52127797	     -0.05027542	      1.51412091	     -0.18797547	      0.07612211	      1.02579265	     -0.23584987	      0.04559877	      1.03396313	     -0.49912053	     -0.14743208	      1.03648742	     -0.39198635	     -0.13364466	      1.03432690	     -0.30139236	      0.17281334	      0.50761782	     -0.23386956	      0.18357326	      0.52263478	     -0.34973060	      0.25532942	      0.30889538	     -0.30332599	      0.39860811	      0.00994504	     -0.27292614	      0.46035307	      0.05923588	     -0.27140162	      0.39773699	      0.12791138	     -0.31756566	     -0.06460032	      0.93373820	     -0.54270901	     -0.16160565	      0.50624629	     -0.49199804	     -0.12894688	      0.49889954	     -0.37929581	     -0.24503203	      0.30808094	     -0.41191154	     -0.37737649	      0.15711608	     -0.35023836	     -0.34111246	      0.03553317	     -0.47098109	     -0.25780739	      0.02162871	     -0.40975126	     -0.29957687	      0.03190039	     -0.35781499	      0.28056249	      0.09623241	     -0.35802270	      0.25027326	      0.06802649	     -0.27485122	      0.20257790	      0.07245464	     -0.31680101	     -0.02742508	      0.90553784	     -0.18665571	     -0.42316402	      0.14326865	     -0.42973626	     -0.47924135	      0.13140935	     -0.36637429
      0.91666667	     -0.01920008	      1.50575639	     -0.52051156	     -0.03901141	      1.51487336	     -0.18716820	      0.08754063	      1.02820605	     -0.23514027	      0.05756997	      1.03337073	     -0.49855051	     -0.13568102	      1.03726289	     -0.39185505	     -0.12208332	      1.03613433	     -0.30121366	      0.18403837	      0.50934489	     -0.23344804	      0.19219050	      0.52357498	     -0.34962081	      0.26176985	      0.30909568	     -0.30386134	      0.39983290	      0.00560921	     -0.27450506	      0.46292443	      0.05324812	     -0.27323320	      0.40161833	      0.12398214	     -0.31802705	     -0.05354965	      0.93432448	     -0.54103644	     -0.14942126	      0.50632801	     -0.49247068	     -0.11579445	      0.49825672	     -0.38010318	     -0.23616909	      0.31003772	     -0.41351314	     -0.37146293	      0.16148634	     -0.35238138	     -0.34015807	      0.03608388	     -0.47144364	     -0.25759856	      0.02057569	     -0.40941802	     -0.29897564	      0.03245390	     -0.35814845	      0.28222386	      0.09576582	     -0.35795366	      0.25372873	      0.06849572	     -0.27384139	      0.20502070	      0.07395038	     -0.31497720	     -0.01388538	      0.90818596	     -0.18428600	     -0.41770970	      0.14904474	     -0.43184589	     -0.47399924	      0.13973885	     -0.36869829
      0.92500000	     -0.00728710	      1.50763221	     -0.51971150	     -0.02787243	      1.51569129	     -0.18638779	      0.09891746	      1.03077225	     -0.23437726	      0.06951991	      1.03274990	     -0.49789528	     -0.12395864	      1.03806606	     -0.39167475	     -0.11055772	      1.03803199	     -0.30099704	      0.19425494	      0.51078725	     -0.23318458	      0.20124156	      0.52487883	     -0.34945014	      0.26774331	      0.30931186	     -0.30388280	      0.40010647	      0.00165914	     -0.27516124	      0.46455012	      0.04748411	     -0.27423414	      0.40489392	      0.12012918	     -0.31818947	     -0.04198467	      0.93483619	     -0.53947094	     -0.13581155	      0.50607337	     -0.49375520	     -0.10180059	      0.49732817	     -0.38155387	     -0.22631866	      0.31201326	     -0.41532043	     -0.36484304	      0.16632798	     -0.35452714	     -0.33877342	      0.03719192	     -0.47186457	     -0.25722291	      0.01909170	     -0.40913899	     -0.29817987	      0.03326951	     -0.35836678	      0.28381964	      0.09548797	     -0.35750066	      0.25598249	      0.06898404	     -0.27292442	      0.20697321	      0.07576332	     -0.31348115	     -0.00158458	      0.91044395	     -0.18232872	     -0.41124014	      0.15496392	     -0.43406539	     -0.46782504	      0.14864335	     -0.37117360
      0.93333333	      0.00335635	      1.50979363	     -0.51846671	     -0.01705431	      1.51659495	     -0.18510422	      0.11044002	      1.03309962	     -0.23331446	      0.08173722	      1.03255103	     -0.49691590	     -0.11201495	      1.03906889	     -0.39126257	     -0.09885252	      1.03990114	     -0.30055375	      0.20426315	      0.51196417	     -0.23321401	      0.21062192	      0.52622594	     -0.34949485	      0.27364595	      0.30942219	     -0.30369219	      0.40004154	     -0.00176161	     -0.27473669	      0.46565449	      0.04237036	     -0.27406180	      0.40768769	      0.11662062	     -0.31759323	     -0.03049248	      0.93565644	     -0.53768063	     -0.12131998	      0.50595109	     -0.49484779	     -0.08651653	      0.49651234	     -0.38294608	     -0.21529501	      0.31418254	     -0.41716063	     -0.35686573	      0.17131913	     -0.35668910	     -0.33724051	      0.03839317	     -0.47232845	     -0.25674202	      0.01761149	     -0.40894429	     -0.29699557	      0.03397267	     -0.35872487	      0.28544672	      0.09515367	     -0.35664235	      0.25780950	      0.06945714	     -0.27175196	      0.20870967	      0.07738344	     -0.31199898	      0.01040871	      0.91235046	     -0.18052441	     -0.40357101	      0.16120917	     -0.43621627	     -0.46013122	      0.15816264	     -0.37349747
      0.94166667	      0.01467520	      1.51135329	     -0.51750842	     -0.00581597	      1.51751013	     -0.18413834	      0.12162441	      1.03500143	     -0.23203784	      0.09375340	      1.03260646	     -0.49571822	     -0.10032709	      1.03999026	     -0.39072652	     -0.08745049	      1.04145585	     -0.29998471	      0.21351550	      0.51268370	     -0.23292142	      0.22023900	      0.52740175	     -0.34912487	      0.27948590	      0.30934782	     -0.30313858	      0.40030384	     -0.00401390	     -0.27359439	      0.46666308	      0.03892252	     -0.27281194	      0.41010096	      0.11424956	     -0.31634098	     -0.01896264	      0.93647168	     -0.53602789	     -0.10560911	      0.50559417	     -0.49643073	     -0.07023112	      0.49554146	     -0.38476291	     -0.20313932	      0.31635275	     -0.41920954	     -0.34780364	      0.17652961	     -0.35895382	     -0.33530607	      0.03984822	     -0.47273099	     -0.25619285	      0.01584252	     -0.40864892	     -0.29558120	      0.03477933	     -0.35897155	      0.28757461	      0.09486096	     -0.35590161	      0.25944374	      0.06972308	     -0.27100610	      0.21046683	      0.07840335	     -0.31140452	      0.02128284	      0.91369550	     -0.17906001	     -0.39466935	      0.16750626	     -0.43851731	     -0.45106561	      0.16815255	     -0.37602451
      0.95000000	      0.02619493	      1.51236007	     -0.51696340	      0.00495167	      1.51854848	     -0.18364099	      0.13302477	      1.03694835	     -0.23071276	      0.10596623	      1.03331490	     -0.49446360	     -0.08845398	      1.04061544	     -0.39009648	     -0.07585881	      1.04251645	     -0.29932325	      0.22242012	      0.51303622	     -0.23234786	      0.22994098	      0.52822626	     -0.34844164	      0.28525325	      0.30899632	     -0.30248437	      0.40112332	     -0.00499493	     -0.27247526	      0.46778285	      0.03743035	     -0.27152709	      0.41197381	      0.11310049	     -0.31543150	     -0.00708978	      0.93754810	     -0.53445740	     -0.08910211	      0.50548103	     -0.49808435	     -0.05295079	      0.49482982	     -0.38672010	     -0.18988807	      0.31875976	     -0.42140196	     -0.33741273	      0.18188320	     -0.36131610	     -0.33300575	      0.04158686	     -0.47306609	     -0.25561396	      0.01353409	     -0.40854699	     -0.29369846	      0.03585417	     -0.35919317	      0.28985263	      0.09445709	     -0.35545362	      0.26095184	      0.06971961	     -0.27069923	      0.21206915	      0.07867161	     -0.31144613	      0.03228086	      0.91496180	     -0.17787031	     -0.38450926	      0.17399917	     -0.44086435	     -0.44037437	      0.17855825	     -0.37859264
      0.95833333	      0.03712678	      1.51411207	     -0.51566405	      0.01639336	      1.51933840	     -0.18229307	      0.14465656	      1.03884956	     -0.22969115	      0.11773769	      1.03304775	     -0.49341749	     -0.07672794	      1.04153905	     -0.38922522	     -0.06417978	      1.04418098	     -0.29846402	      0.23041815	      0.51326898	     -0.23184566	      0.23908764	      0.52911554	     -0.34777147	      0.29036205	      0.30868517	     -0.30181140	      0.40168473	     -0.00579477	     -0.27224930	      0.46876966	      0.03570300	     -0.27233102	      0.41355073	      0.11185311	     -0.31615459	      0.00443565	      0.93800864	     -0.53274070	     -0.07124025	      0.50449044	     -0.50008949	     -0.03460728	      0.49334762	     -0.38893093	     -0.17557122	      0.32069731	     -0.42358899	     -0.32616251	      0.18717493	     -0.36356344	     -0.33043033	      0.04391745	     -0.47357058	     -0.25513724	      0.01208955	     -0.40820201	     -0.29194189	      0.03691709	     -0.35948901	      0.29171534	      0.09418253	     -0.35511021	      0.26176100	      0.06980631	     -0.27061735	      0.21333629	      0.07938249	     -0.31136454	      0.04269630	      0.91622141	     -0.17657578	     -0.37330325	      0.18023264	     -0.44317323	     -0.42843914	      0.18907782	     -0.38117385
      0.96666667	      0.04872379	      1.51483164	     -0.51503358	      0.02757873	      1.52017115	     -0.18169024	      0.15573917	      1.04068113	     -0.22848231	      0.12923744	      1.03378115	     -0.49222446	     -0.06541277	      1.04200328	     -0.38835578	     -0.05301040	      1.04503439	     -0.29758670	      0.23869253	      0.51344209	     -0.23121899	      0.24769620	      0.52952178	     -0.34708720	      0.29522017	      0.30816689	     -0.30158884	      0.40214357	     -0.00651683	     -0.27295813	      0.46950566	      0.03440816	     -0.27387027	      0.41453531	      0.11081092	     -0.31756917	      0.01565470	      0.93879408	     -0.53110481	     -0.05308302	      0.50389233	     -0.50166725	     -0.01544978	      0.49236459	     -0.39088271	     -0.16046314	      0.32296994	     -0.42583310	     -0.31381710	      0.19252335	     -0.36603948	     -0.32735582	      0.04671488	     -0.47401481	     -0.25452379	      0.01057625	     -0.40813453	     -0.28946547	      0.03880801	     -0.35979234	      0.29288134	      0.09377686	     -0.35530498	      0.26257290	      0.06974967	     -0.27083843	      0.21414058	      0.07970708	     -0.31143685	      0.05373023	      0.91757576	     -0.17527395	     -0.36112688	      0.18675890	     -0.44564300	     -0.41509399	      0.19970583	     -0.38395816
      0.97500000	      0.05899308	      1.51634524	     -0.51366334	      0.03866271	      1.52090677	     -0.18025777	      0.16725451	      1.04207100	     -0.22753459	      0.14039806	      1.03343680	     -0.49118976	     -0.05409704	      1.04288507	     -0.38713497	     -0.04157087	      1.04650432	     -0.29640444	      0.24525693	      0.51294850	     -0.23112000	      0.25675643	      0.53018492	     -0.34660044	      0.29962665	      0.30747337	     -0.30071615	      0.40265252	     -0.00649339	     -0.27281014	      0.47025892	      0.03331661	     -0.27596326	      0.41551486	      0.10992788	     -0.31960918	      0.02727455	      0.93881899	     -0.52970249	     -0.03388437	      0.50257689	     -0.50356070	      0.00348693	      0.49094276	     -0.39269864	     -0.14493303	      0.32490944	     -0.42764422	     -0.30136861	      0.19802632	     -0.36816641	     -0.32222276	      0.05100076	     -0.47515182	     -0.25241275	      0.01103461	     -0.40818347	     -0.28617577	      0.04145566	     -0.36045885	      0.29467682	      0.09325291	     -0.35492937	      0.26225915	      0.06960095	     -0.27114282	      0.21496820	      0.08023277	     -0.31171344	      0.06272791	      0.91809915	     -0.17454242	     -0.34823277	      0.19275828	     -0.44806736	     -0.40140389	      0.20961448	     -0.38691095
      0.98333333	      0.07000132	      1.51726352	     -0.51286206	      0.04983955	      1.52176699	     -0.17944547	      0.17814264	      1.04368235	     -0.22655640	      0.15115420	      1.03387537	     -0.49015708	     -0.04329495	      1.04357350	     -0.38603942	     -0.03072404	      1.04759974	     -0.29533223	      0.25169392	      0.51266426	     -0.23066403	      0.26447798	      0.53042104	     -0.34593037	      0.30368401	      0.30682516	     -0.30021181	      0.40285874	     -0.00696815	     -0.27251659	      0.47064049	      0.03209535	     -0.27642942	      0.41636747	      0.10910838	     -0.31998504	      0.03906078	      0.93901251	     -0.52866862	     -0.01452625	      0.50164502	     -0.50481323	      0.02222100	      0.49019715	     -0.39372340	     -0.12911972	      0.32718777	     -0.42905045	     -0.28852151	      0.20368107	     -0.37034618	     -0.31544018	      0.05588381	     -0.47651425	     -0.24906579	      0.01234858	     -0.40832618	     -0.28175296	      0.04503209	     -0.36122166	      0.29607391	      0.09281984	     -0.35496383	      0.26255787	      0.06946464	     -0.27152693	      0.21566695	      0.08040542	     -0.31233354	      0.07244873	      0.91921141	     -0.17360714	     -0.33463973	      0.19871726	     -0.45069938	     -0.38716872	      0.21909114	     -0.39030056
      0.99166667	      0.08153391	      1.51797890	     -0.51236808	      0.06109488	      1.52264438	     -0.17897060	      0.18842373	      1.04537602	     -0.22539777	      0.16211222	      1.03485209	     -0.48903923	     -0.03262012	      1.04422131	     -0.38542194	     -0.02028411	      1.04850404	     -0.29469425	      0.25758864	      0.51239494	     -0.23017069	      0.27118223	      0.53040553	     -0.34530495	      0.30731156	      0.30616092	     -0.29985374	      0.40294852	     -0.00760358	     -0.27212009	      0.47089337	      0.03109978	     -0.27595933	      0.41711945	      0.10831288	     -0.31978622	      0.04996024	      0.93955517	     -0.52738385	      0.00518368	      0.50108129	     -0.50578094	      0.04268466	      0.48974116	     -0.39493221	     -0.11223395	      0.32982283	     -0.43089156	     -0.27423982	      0.20942248	     -0.37286673	     -0.30830642	      0.06121574	     -0.47795596	     -0.24508468	      0.01420636	     -0.40916899	     -0.27593204	      0.04948687	     -0.36237351	      0.29724814	      0.09237727	     -0.35507382	      0.26301465	      0.06928965	     -0.27185401	      0.21627683	      0.08040523	     -0.31296651	      0.08223528	      0.92057739	     -0.17269715	     -0.32013713	      0.20539809	     -0.45339876	     -0.37141720	      0.22884223	     -0.39350004
      1.00000000	      0.09150892	      1.51970410	     -0.51137295	      0.07237631	      1.52374979	     -0.17788985	      0.19917691	      1.04725783	     -0.22457782	      0.17251988	      1.03489743	     -0.48810484	     -0.02206425	      1.04545037	     -0.38432303	     -0.00960786	      1.05035768	     -0.29364343	      0.26224953	      0.51220069	     -0.22972158	      0.27687006	      0.53057661	     -0.34467214	      0.31021474	      0.30569352	     -0.29930800	      0.40301629	     -0.00792309	     -0.27179351	      0.47112443	      0.03026794	     -0.27607732	      0.41774755	      0.10766800	     -0.32007591	      0.06099245	      0.93965676	     -0.52606538	      0.02584054	      0.50018846	     -0.50701463	      0.06306344	      0.48907886	     -0.39604889	     -0.09468871	      0.33222955	     -0.43227958	     -0.25932521	      0.21514671	     -0.37487349	     -0.29956843	      0.06725383	     -0.47984032	     -0.24051704	      0.01643441	     -0.41015331	     -0.26985094	      0.05389239	     -0.36372265	      0.29826416	      0.09211239	     -0.35493410	      0.26310429	      0.06928131	     -0.27203035	      0.21677620	      0.08069502	     -0.31328762	      0.09165290	      0.92229064	     -0.17151556	     -0.30461474	      0.21143480	     -0.45576382	     -0.35475791	      0.23820379	     -0.39650576
