Inverse Dynamics Generalized Forces
version=1
nRows=184
nColumns=42
inDegrees=no
endheader
time	pelvis_tilt_moment	pelvis_list_moment	pelvis_rotation_moment	pelvis_tx_force	pelvis_ty_force	pelvis_tz_force	hip_flexion_r_moment	hip_adduction_r_moment	hip_rotation_r_moment	hip_flexion_l_moment	hip_adduction_l_moment	hip_rotation_l_moment	lumbar_extension_moment	lumbar_bending_moment	lumbar_rotation_moment	knee_angle_r_moment	knee_adduction_r_moment	knee_angle_r_beta_force	knee_angle_l_moment	knee_adduction_l_moment	knee_angle_l_beta_force	arm_flex_r_moment	arm_add_r_moment	arm_rot_r_moment	arm_flex_l_moment	arm_add_l_moment	arm_rot_l_moment	ankle_angle_l_moment	elbow_flex_r_moment	elbow_flex_l_moment	ankle_angle_r_moment	pro_sup_r_moment	pro_sup_l_moment	subtalar_angle_l_moment	wrist_flex_r_moment	wrist_dev_r_moment	wrist_flex_l_moment	wrist_dev_l_moment	subtalar_angle_r_moment	mtp_angle_l_moment	mtp_angle_r_moment
      0.00000000	    -63.61913343	      4.45837071	      0.42044466	      6.34509398	    856.32772917	     11.26447185	     15.51214777	      2.58813824	     -1.51873302	      2.80258035	      5.42349108	     -0.45163003	     -4.19127003	      4.06193123	      1.26989118	     10.45372748	     -0.89432971	     -0.02783390	      2.46143924	      2.14999879	     -0.05120358	     -0.86791142	     -1.09781042	     -0.00873836	     -1.12625308	      1.05444323	      0.00137559	      1.20109388	     -0.53460483	     -0.45018443	      1.87034750	      0.00581269	      0.02139714	     -0.24526053	     -0.01703228	      0.05108569	      0.05619445	      0.05774187	     -0.87692999	     -0.04663215	     -0.07809445
      0.01000000	    -63.63128926	      4.94706869	      0.90986420	      1.37902102	    837.21798175	     15.34475801	     15.21381857	      2.98476843	     -1.71783861	      2.14977325	      5.91063828	     -0.48349626	     -4.44163469	      4.08232422	      1.52716585	      9.31087902	     -0.40117390	     -0.02708747	      2.54740870	      2.27340870	     -0.05049693	     -0.87602334	     -1.25910766	     -0.00915322	     -1.21190728	      1.21534090	      0.00130213	      1.18692289	     -0.55158207	     -0.46168246	      1.87997768	      0.00481591	      0.02314281	     -0.23662832	     -0.02390530	      0.05214046	      0.06219180	      0.06081370	     -0.84933288	     -0.04657391	     -0.07474479
      0.02000000	    -65.88781047	      6.33086210	      2.77740803	    -14.58370674	    752.97557346	     35.03877368	      8.89590621	      2.05353675	     -1.64057890	      1.92000289	      6.98816883	     -0.61108582	     -5.76445456	      4.52132023	      2.59504070	      6.49523288	      0.01292714	     -0.01946359	      2.46783700	      2.49708501	     -0.04752638	     -0.79150602	     -1.94354452	     -0.01069275	     -1.43801403	      1.90302904	      0.00179376	      1.12872414	     -0.58514658	     -0.46881242	      1.68402210	     -0.00037732	      0.02937831	     -0.22793621	     -0.05247336	      0.05203796	      0.08721873	      0.06880778	     -0.74235112	     -0.04559317	     -0.05905023
      0.03000000	    -65.45163789	      6.27996619	      3.37317789	    -11.97165538	    707.04997420	     46.58828502	      6.08563244	      1.10192157	     -1.36570585	      1.82195513	      7.92733262	     -0.59715109	     -5.66567427	      5.26724399	      2.85998946	      4.81690308	      0.05900736	     -0.01510501	      2.42294953	      2.69242285	     -0.04592578	     -0.43802032	     -2.20597057	     -0.01082054	     -1.14091560	      2.16500160	      0.00446749	      1.07783702	     -0.48501508	     -0.34504632	      1.64685222	     -0.00540759	      0.02829705	     -0.21275945	     -0.06270541	      0.03787945	      0.09569151	      0.05605358	     -0.67746161	     -0.04439756	     -0.05309315
      0.04000000	    -63.76852498	      5.33966055	      3.06019328	     -6.19668733	    683.16143317	     54.10299906	      4.02612265	     -0.65537276	     -0.70302877	      1.65336054	      8.37788556	     -0.46599547	     -3.58716305	      6.55759726	      2.74436262	      4.06019952	     -0.51084193	     -0.01238452	      2.39167026	      2.73942526	     -0.04526618	      0.00686321	     -2.19720741	     -0.00965201	     -0.62866227	      2.15491019	      0.00761797	      1.03657868	     -0.31667914	     -0.16688758	      1.68033868	     -0.00963852	      0.02311998	     -0.19966642	     -0.06078884	      0.01646269	      0.09300915	      0.03292308	     -0.64342776	     -0.04280845	     -0.05276416
      0.05000000	    -61.33736108	      4.08179258	      1.87293094	     -3.71782527	    686.47376293	     55.69550269	      2.81599089	     -2.92339098	      0.22785465	      1.18382608	      8.01607109	     -0.24311718	      0.55775651	      8.32014931	      2.46646858	      4.39634539	     -1.60921425	     -0.01207827	      2.42796123	      2.56829020	     -0.04569031	      0.39925111	     -1.90267936	     -0.00648564	     -0.12405762	      1.85807939	      0.00909767	      1.01936226	     -0.12772535	     -0.00469212	      1.77830870	     -0.01144658	      0.01542358	     -0.19338395	     -0.04625628	     -0.00616532	      0.07879534	      0.00772148	     -0.65109140	     -0.04107057	     -0.05836035
      0.06000000	    -59.59090440	      3.51715087	      0.32988242	    -10.53744228	    705.00561743	     52.67407830	      1.37536530	     -5.03580026	      1.13875600	      0.39483984	      6.86576842	     -0.01020447	      5.74197246	     10.17463864	      2.45753179	      5.60158728	     -2.87601604	     -0.01380249	      2.55368608	      2.20024093	     -0.04664018	      0.63537224	     -1.48043254	     -0.00119176	      0.12225815	      1.43304067	      0.00706918	      1.02787017	      0.02442061	      0.07280713	      1.87384511	     -0.01064517	      0.00842607	     -0.19676075	     -0.02634936	     -0.02354214	      0.05968686	     -0.00914804	     -0.68568302	     -0.03946323	     -0.06693289
      0.07000000	    -59.54904019	      4.29460071	     -1.20759562	    -24.74926824	    729.77246616	     45.73378044	     -0.56429497	     -6.05344702	      1.69845906	     -0.53125245	      5.10945051	      0.16760365	     10.48044522	     11.52884576	      2.85736886	      7.46717922	     -3.84577248	     -0.01701567	      2.76661559	      1.69042329	     -0.04764397	      0.70862918	     -1.06657414	      0.00550952	      0.05204282	      1.01585317	      0.00159670	      1.05831570	      0.11357566	      0.05066675	      1.92223192	     -0.00798664	      0.00397642	     -0.21032422	     -0.00757145	     -0.03285893	      0.04178680	     -0.01365796	     -0.73101477	     -0.03832774	     -0.07631674
      0.08000000	    -61.82224019	      6.44903485	     -2.51913313	    -40.35085218	    751.20392753	     36.98932145	     -3.21595739	     -5.43574830	      1.73610559	     -1.25543942	      3.09524182	      0.24737630	     13.36339955	     11.94967839	      3.50322274	      9.73215321	     -4.22143385	     -0.02094750	      3.01335050	      1.12406397	     -0.04827405	      0.66494275	     -0.78716252	      0.01165255	     -0.23167511	      0.73292437	     -0.00512814	      1.09913300	      0.13546223	     -0.03790616	      1.89379660	     -0.00494459	      0.00274958	     -0.23195693	      0.00430134	     -0.03412207	      0.03052126	     -0.00766285	     -0.77331102	     -0.03788575	     -0.08412307
      0.09000000	    -66.30588098	      9.24687476	     -3.60721284	    -50.29900112	    764.82459068	     29.17590527	     -6.46139622	     -3.38438103	      1.32511544	     -1.47111628	      1.26150396	      0.21848976	     13.69085546	     11.43412474	      3.99006762	     12.12647549	     -4.03451315	     -0.02455972	      3.21823863	      0.60920595	     -0.04838449	      0.55986458	     -0.69363572	      0.01481365	     -0.52719832	      0.63617685	     -0.00982997	      1.13688940	      0.10319557	     -0.13303868	      1.80011300	     -0.00278321	      0.00402754	     -0.25649601	      0.00728640	     -0.02928642	      0.02778613	      0.00264994	     -0.81328081	     -0.03817848	     -0.08862505
      0.10000000	    -72.38698552	     11.39140246	     -4.53695651	    -50.65218464	    770.85539842	     25.22301127	    -10.06321779	     -0.86963138	      0.73321035	     -1.05558044	      0.09263202	      0.09102967	     11.68389968	     10.39811220	      3.95910236	     14.33706104	     -3.63930473	     -0.02679326	      3.31659973	      0.28072951	     -0.04808290	      0.43520351	     -0.76828932	      0.01344304	     -0.65848108	      0.70830771	     -0.01002415	      1.16068071	      0.03800903	     -0.18310850	      1.69218774	     -0.00210348	      0.00644257	     -0.27622177	      0.00286479	     -0.02108669	      0.03222589	      0.01080115	     -0.86708144	     -0.03904222	     -0.08879964
      0.11000000	    -79.30367567	     11.56362233	     -5.32862133	    -41.91785606	    773.76782918	     26.93673337	    -13.67070939	      0.82707618	      0.25913939	     -0.14186621	     -0.03132897	     -0.10940893	      8.24821547	      9.41562638	      3.33639239	     16.05566825	     -3.51232472	     -0.02818999	      3.28827384	      0.26204747	     -0.04765891	      0.32727684	     -0.94193941	      0.00796740	     -0.55558776	      0.88004612	     -0.00547087	      1.16630649	     -0.03444990	     -0.16762543	      1.64700791	     -0.00278406	      0.00863361	     -0.28364881	     -0.00520016	     -0.01251093	      0.04036821	      0.01301472	     -0.95823432	     -0.04017325	     -0.08466022
      0.12000000	    -86.62266678	      9.10163096	     -5.93135831	    -28.15375565	    779.53268596	     34.09868675	    -16.97541382	      0.77660306	      0.07196493	      0.93655841	      0.99891054	     -0.34587894	      4.41320239	      8.92159589	      2.39354671	     17.09903874	     -3.98647189	     -0.02914689	      3.16861298	      0.60429859	     -0.04741591	      0.27210177	     -1.12936767	      0.00077430	     -0.27527998	      1.06562896	      0.00163325	      1.15666852	     -0.09059002	     -0.10321815	      1.73239257	     -0.00420837	      0.00980489	     -0.27514377	     -0.01281870	     -0.00602911	      0.04843921	      0.00963389	     -1.10182741	     -0.04124364	     -0.07721213
      0.13000000	    -94.41831382	      4.44590216	     -6.32101171	    -14.66375638	    792.88033762	     44.31507712	    -19.84053610	     -1.10436030	      0.15078674	      1.77675343	      2.91899677	     -0.57352796	      0.86379739	      9.08239706	      1.57218354	     17.52176279	     -5.06968492	     -0.03109990	      3.03702333	      1.23551493	     -0.04753311	      0.28752907	     -1.25298920	     -0.00500708	      0.04167900	      1.18687719	      0.00785034	      1.13922560	     -0.11817000	     -0.03250884	      1.96466413	     -0.00545784	      0.00986628	     -0.25328356	     -0.01673723	     -0.00252660	      0.05338443	      0.00441092	     -1.28930116	     -0.04201735	     -0.06815747
      0.14000000	   -103.00244108	     -0.91657963	     -6.60390382	     -5.74334295	    815.17517401	     53.91118943	    -22.38486517	     -4.02409918	      0.34589520	      2.04790934	      5.13268413	     -0.74584916	     -2.15104449	      9.85285160	      1.20587386	     17.63879412	     -6.45513329	     -0.03380793	      2.98666823	      1.96091903	     -0.04801855	      0.34775968	     -1.25780004	     -0.00719561	      0.24585318	      1.18856144	      0.01036097	      1.12208032	     -0.12294997	     -0.00221868	      2.27804452	     -0.00552032	      0.00922845	     -0.22622670	     -0.01499587	     -0.00071446	      0.05322236	      0.00221512	     -1.48287249	     -0.04240273	     -0.05943753
      0.15000000	   -112.39336332	     -5.10068185	     -7.00173730	     -3.07755254	    843.99235570	     59.41642835	    -24.85161532	     -6.76372009	      0.49933656	      1.58584617	      6.89911402	     -0.82206006	     -4.63430930	     11.04675531	      1.33914973	     17.90880135	     -7.70017485	     -0.03721964	      3.08929614	      2.52479696	     -0.04877188	      0.38769543	     -1.12679512	     -0.00561152	      0.25067361	      1.05391754	      0.00836579	      1.11086708	     -0.12491111	     -0.03973273	      2.52218789	     -0.00369070	      0.00846720	     -0.20425421	     -0.00734457	      0.00206646	      0.04745945	      0.00630912	     -1.62281880	     -0.04243488	     -0.05271233
      0.16000000	   -122.09738820	     -6.72979780	     -7.71675463	     -5.13351038	    874.21722308	     58.90045415	    -27.46133365	     -8.28375467	      0.53638312	      0.42964141	      7.60351748	     -0.77520325	     -6.65773331	     12.31656919	      1.74522153	     18.77981734	     -8.45824771	     -0.04058565	      3.36857828	      2.71019645	     -0.04968518	      0.34805334	     -0.89565889	     -0.00192276	      0.07230572	      0.81920539	      0.00332595	      1.10734968	     -0.14394481	     -0.13776460	      2.49717548	     -0.00009737	      0.00804870	     -0.19520345	      0.00421123	      0.00783134	      0.03774672	      0.01646540	     -1.64623067	     -0.04222505	     -0.04900382
      0.17000000	   -131.27308181	     -5.53447772	     -8.79040045	     -7.71042124	    900.17871142	     52.58098887	    -30.32883704	     -8.12243316	      0.48080673	     -1.18859701	      6.98722937	     -0.60023786	     -8.26765549	     13.17046097	      2.08212208	     20.55822946	     -8.61674119	     -0.04293769	      3.79043181	      2.42500021	     -0.05070078	      0.22931490	     -0.64656464	      0.00143753	     -0.17168201	      0.56728221	     -0.00187257	      1.10984548	     -0.18328764	     -0.25335508	      2.02335737	      0.00405807	      0.00809567	     -0.20130813	      0.01570606	      0.01598192	      0.02775334	      0.02858172	     -1.50989810	     -0.04191175	     -0.04859754
      0.18000000	   -139.06399231	     -2.17706227	    -10.05868606	     -5.70257749	    917.81529364	     42.43279577	    -33.47064349	     -6.35896989	      0.40824974	     -2.89866170	      5.21772755	     -0.31915630	     -9.43383245	     13.17436057	      2.07405140	     23.32749252	     -8.25814119	     -0.04429707	      4.27262742	      1.72865307	     -0.05180271	      0.11050830	     -0.47182109	      0.00258394	     -0.30619444	      0.39092876	     -0.00431348	      1.11504685	     -0.22198258	     -0.32355863	      1.03096215	      0.00689030	      0.00821956	     -0.21916190	      0.02293784	      0.02281703	      0.02156992	      0.03604964	     -1.20866726	     -0.04162415	     -0.05125048
      0.19000000	   -144.88871697	      2.52369009	    -11.23144700	      4.49335517	    925.91965479	     30.98638229	    -36.82276489	     -3.25755715	      0.39079461	     -4.29194415	      2.76969472	      0.02088032	    -10.05954232	     12.24769316	      1.62935411	     26.89467749	     -7.49765505	     -0.04448247	      4.71028072	      0.79165337	     -0.05297846	      0.11265144	     -0.42606732	      0.00102429	     -0.17441831	      0.34475525	     -0.00235463	      1.12028149	     -0.22362890	     -0.29357593	     -0.36172542	      0.00674814	      0.00760082	     -0.24245314	      0.02374499	      0.02319829	      0.02143995	      0.03263840	     -0.78308622	     -0.04145655	     -0.05654424
      0.20000000	   -148.56444669	      8.17957502	    -12.06130424	     23.10134807	    926.04078781	     20.06874753	    -40.19089337	      0.98742421	      0.46955033	     -5.03837437	      0.20647038	      0.35744338	    -10.08377644	     10.78583900	      0.85166512	     30.73921843	     -6.37086005	     -0.04359001	      5.00792990	     -0.17834551	     -0.05419298	      0.32760252	     -0.49892354	     -0.00234642	      0.28720923	      0.41790129	      0.00375395	      1.12493877	     -0.15768523	     -0.14398870	     -1.82046851	      0.00311570	      0.00540116	     -0.26524644	      0.01919465	      0.01354426	      0.02646721	      0.01564680	     -0.31648758	     -0.04145311	     -0.06401342
      0.21000000	   -150.12919728	     14.59567469	    -12.48781102	     46.86340695	    921.34286345	     10.46388208	    -43.10573086	      6.04757041	      0.64535768	     -4.97561412	     -2.00319304	      0.62845393	     -9.58866522	      9.46426075	     -0.02529456	     33.99199848	     -4.91481325	     -0.04188789	      5.10804560	     -0.99923360	     -0.05538791	      0.76564199	     -0.62726103	     -0.00587055	      1.01599713	      0.54673442	      0.01211835	      1.13032720	     -0.01773845	      0.09906577	     -2.83918266	     -0.00313528	      0.00128207	     -0.28363332	      0.01274655	     -0.00602852	      0.03332042	     -0.01255435	      0.07202075	     -0.04160282	     -0.07282156
      0.22000000	   -149.45201875	     21.01708822	    -12.63563176	     70.74226350	    915.34065304	      2.70698571	    -44.70304670	     10.99660071	      0.86789977	     -4.14183297	     -3.55722118	      0.78926772	     -8.77925734	      8.87454801	     -0.70676246	     35.51530224	     -3.36579607	     -0.03967280	      5.00896708	     -1.54529463	     -0.05649647	      1.36207995	     -0.73782978	     -0.00777337	      1.84949514	      0.65786096	      0.01998881	      1.13837728	      0.17746836	      0.37671929	     -2.84563177	     -0.01032121	     -0.00433760	     -0.29542622	      0.00802628	     -0.03210022	      0.03840270	     -0.04558852	      0.23421039	     -0.04183836	     -0.08125165
      0.23000000	   -145.99566129	     25.87303368	    -12.64585426	     90.26391369	    911.34078766	     -2.01799946	    -43.80100176	     14.27631675	      1.04223631	     -2.74803204	     -4.30481724	      0.82552384	     -7.85107707	      9.27591903	     -0.88440704	     34.16231833	     -2.19814352	     -0.03743380	      4.76659498	     -1.75529649	     -0.05746206	      2.02772974	     -0.78667151	     -0.00650856	      2.59083233	      0.70746870	      0.02461288	      1.15034589	      0.39814369	      0.62283589	     -1.35445419	     -0.01684334	     -0.01045618	     -0.29926128	      0.00697133	     -0.06022466	      0.03975848	     -0.07585572	      0.00819698	     -0.04203584	     -0.08668231
      0.24000000	   -139.13090329	     27.55528946	    -12.47874381	    103.22336735	    912.64359532	     -2.12937621	    -39.28756381	     14.47626471	      1.07414975	     -1.09665725	     -4.21915749	      0.75596975	     -6.92596677	     10.58956190	     -0.29887111	     29.24806278	     -1.84793349	     -0.03584926	      4.47510094	     -1.63537618	     -0.05825226	      2.69183553	     -0.76442931	     -0.00094376	      3.07430049	      0.68619683	      0.02387862	      1.16629252	      0.61779521	      0.78508077	      1.79527151	     -0.02168360	     -0.01595405	     -0.29449890	      0.00972053	     -0.08684790	      0.03729624	     -0.09710221	     -0.72886218	     -0.04203024	     -0.08638404
      0.25000000	   -129.05674009	     25.60061122	    -11.90264415	    110.17970149	    922.75591536	      3.01845668	    -30.84111735	     11.40684365	      0.91245942	      0.53779965	     -3.40713683	      0.62306575	     -6.15817695	     12.53699348	      1.15441205	     21.16916203	     -2.32682001	     -0.03576355	      4.22880772	     -1.26178425	     -0.05886870	      3.30554949	     -0.66793437	      0.00935537	      3.20679315	      0.59040467	      0.01675222	      1.18502335	      0.81695215	      0.83335591	      6.05730874	     -0.02426662	     -0.02006250	     -0.28208480	      0.01601965	     -0.10949888	      0.03146473	     -0.10563962	     -1.93637569	     -0.04166378	     -0.07866174
      0.26000000	   -117.80523650	     21.17279141	    -10.75171688	    113.78010986	    944.69434007	     12.06924364	    -19.79230707	      6.50601187	      0.53806713	      2.03320172	     -2.14236104	      0.47552481	     -5.87276154	     14.76448290	      3.31378986	     11.91803653	     -3.09585671	     -0.03800029	      4.07818892	     -0.77418793	     -0.05935970	      3.81726001	     -0.46908095	      0.02372558	      2.98241448	      0.39134232	      0.00360069	      1.20373295	      0.97808566	      0.75949617	      9.77545813	     -0.02406797	     -0.02260859	     -0.26548293	      0.02664312	     -0.12583874	      0.02181678	     -0.10046005	     -3.22856416	     -0.04084324	     -0.06358828
      0.27000000	   -109.35077557	     16.41044159	     -9.26909276	    117.31439585	    979.06354020	     21.91547633	     -9.47391449	      2.14169360	     -0.05443600	      3.50350900	     -0.86809515	      0.35155897	     -6.53739141	     16.88894740	      5.71822288	      4.92807494	     -3.34704122	     -0.04305742	      3.99934732	     -0.34805132	     -0.05983303	      4.15259712	     -0.11375947	      0.04015418	      2.47524598	      0.03502292	     -0.01365927	      1.21739880	      1.08044425	      0.57510415	     10.29062223	     -0.02048246	     -0.02394399	     -0.25069069	      0.04343733	     -0.13301271	      0.00683932	     -0.08294247	     -3.78907909	     -0.03954537	     -0.04309299
      0.28000000	   -107.93218799	     13.15877253	     -8.21027406	    123.23983117	   1021.56507016	     28.94771837	     -4.14329395	      0.24389007	     -0.79877835	      5.30968374	     -0.11505242	      0.26969073	     -8.54214468	     18.48888668	      7.70462385	      3.62770649	     -2.51355487	     -0.05069982	      3.89130062	     -0.14095206	     -0.06044802	      4.22110216	      0.44089990	      0.05544036	      1.81520357	     -0.51964615	     -0.03174021	      1.21909104	      1.10083870	      0.31020032	      5.22637720	     -0.01314549	     -0.02460505	     -0.24472014	      0.06771696	     -0.12810709	     -0.01465022	     -0.05647138	     -2.66238160	     -0.03774032	     -0.02074826
      0.29000000	   -114.78505517	     11.98985983	     -8.53352863	    132.38970475	   1061.38446519	     30.21777144	     -6.36938179	      1.17000348	     -1.46993884	      8.00813094	     -0.30741018	      0.22547473	    -11.90431958	     19.08542215	      8.60582824	      8.91601448	     -0.67136881	     -0.05981823	      3.59718432	     -0.21587909	     -0.06137024	      3.94578635	      1.17111546	      0.06578523	      1.15290291	     -1.24562842	     -0.04653152	      1.20224829	      1.01985801	      0.01124063	     -5.22312505	     -0.00249896	     -0.02486553	     -0.25222745	      0.09793088	     -0.10942549	     -0.04137910	     -0.02592988	      0.48335782	     -0.03529476	     -0.00149261
      0.30000000	   -125.38523609	     12.15960941	    -10.83794927	    144.06316278	   1082.05450708	     24.01143075	    -14.57570633	      3.57408079	     -1.73986539	     12.25770330	     -1.50538316	      0.18754418	    -16.04159323	     18.17271406	      7.96741736	     17.36513608	      1.47359422	     -0.06856633	      2.93565054	     -0.46472193	     -0.06268716	      3.29392749	      1.94867741	      0.06764464	      0.61864338	     -2.01160097	     -0.05395093	      1.16458672	      0.82868796	     -0.26525507	    -16.81068161	      0.00984125	     -0.02439328	     -0.27098058	      0.12816488	     -0.07764435	     -0.06821415	      0.00315697	      4.62799022	     -0.03199161	      0.00914060
      0.31000000	   -130.34194576	     12.52738737	    -14.94288805	    156.63948075	   1065.62618736	     10.30662076	    -23.35514448	      5.44103276	     -1.42321382	     18.62517038	     -3.24836084	      0.09660635	    -19.80421882	     15.37947428	      5.71383622	     22.51969551	      3.06456855	     -0.07479042	      1.75366321	     -0.59406469	     -0.06433073	      2.29018196	      2.55439980	      0.05871675	      0.27922437	     -2.59767151	     -0.05107325	      1.11184315	      0.53199390	     -0.46760849	    -22.88267131	      0.02133912	     -0.02219175	     -0.28929287	      0.14894504	     -0.03591830	     -0.08682275	      0.02615771	      7.61237544	     -0.02778802	      0.00691323
      0.32000000	   -120.92577007	     12.71707075	    -19.90596773	    168.16141877	    999.30577906	     -8.49767667	    -27.18238016	      5.54687418	     -0.67445517	     27.18020888	     -4.70454354	     -0.11416292	    -21.94882734	     10.77830568	      2.22466744	     19.29046812	      3.65276535	     -0.07670066	      0.03402335	     -0.24825716	     -0.06600709	      1.01096646	      2.75461394	      0.03895703	      0.10379225	     -2.77320820	     -0.03742499	      1.05901507	      0.14638415	     -0.57140252	    -18.97064531	      0.02950889	     -0.01692519	     -0.28998422	      0.15078280	      0.01131474	     -0.08881474	      0.04146183	      7.54319992	     -0.02328338	     -0.00859937
      0.33000000	    -95.53117119	     13.43945483	    -24.42381791	    176.54772725	    881.76638715	    -27.39591721	    -24.45983009	      4.04692108	      0.13828852	     36.99104666	     -5.15358682	     -0.46782596	    -21.91349392	      5.14399430	     -1.71507158	      7.72735741	      3.30886934	     -0.07356941	     -1.97179053	      0.73872566	     -0.06719424	     -0.42721960	      2.41358993	      0.01127748	     -0.03726907	     -2.40834720	     -0.01591120	      1.02770960	     -0.30179121	     -0.59745959	     -6.40038383	      0.03313848	     -0.00758241	     -0.26184615	      0.12906537	      0.06000354	     -0.07010999	      0.05199666	      4.28068957	     -0.02008417	     -0.03279766
      0.34000000	    -61.40903762	     15.67118110	    -27.32730157	    179.57577097	    725.68765625	    -40.43986188	    -18.09963538	      1.70344885	      0.77045630	     46.00882542	     -4.50489807	     -0.88805006	    -20.27537952	     -0.20040596	     -5.11715759	     -7.50883921	      2.28897601	     -0.06613488	     -3.73380934	      2.12157027	     -0.06737759	     -1.87729781	      1.57880779	     -0.01865517	     -0.32265105	     -1.55629324	      0.00747046	      1.04055091	     -0.77583638	     -0.60814348	      8.74052459	      0.03292484	      0.00579754	     -0.21212871	      0.08731330	      0.10723414	     -0.03383793	      0.06435919	     -0.42325236	     -0.02052483	     -0.05774426
      0.35000000	    -30.08838356	     19.65024868	    -27.96382522	    175.07461210	    554.73738525	    -43.90524226	    -12.59239572	     -1.16235285	      1.24412864	     51.78605481	     -3.42229671	     -1.19202518	    -18.32971669	     -4.05078905	     -7.10506492	    -21.02697340	      0.76627955	     -0.05645094	     -4.68165544	      3.26803887	     -0.06635043	     -3.17635923	      0.47831792	     -0.04388250	     -0.89634050	     -0.44782957	      0.02551146	      1.11561310	     -1.22776040	     -0.67719673	     20.00186332	      0.03098678	      0.02179179	     -0.16965168	      0.03627756	      0.15053473	      0.01050827	      0.08522647	     -4.19656203	     -0.02650429	     -0.07595994
      0.36000000	    -10.54890630	     24.63112828	    -26.36676257	    161.48499750	    396.04950925	    -38.41226538	    -10.82943543	     -4.81784874	      1.69370354	     52.75189496	     -2.88331386	     -1.16869726	    -17.05283018	     -6.03149437	     -7.22179516	    -29.97312739	     -1.13218436	     -0.04717657	     -4.57169431	      3.49691572	     -0.06439083	     -4.17935014	     -0.57833932	     -0.05856027	     -1.79645978	      0.60811375	      0.03261239	      1.26317672	     -1.60484464	     -0.85033909	     24.06835420	      0.02959282	      0.03797533	     -0.17276497	     -0.01088674	      0.18693358	      0.05142357	      0.11723182	     -5.47409343	     -0.03809278	     -0.08363522
      0.37000000	     -5.26370464	     29.23435664	    -23.10312009	    138.48052155	    271.61915511	    -27.84822189	    -13.07295711	     -9.59439817	      2.21378567	     49.10832410	     -3.43709256	     -0.72616131	    -16.39645619	     -6.71696026	     -5.60020239	    -34.58028482	     -3.23826614	     -0.04059326	     -3.67008553	      2.54404041	     -0.06222110	     -4.80968066	     -1.34035655	     -0.06033929	     -2.93486558	      1.36270201	      0.02718491	      1.48465737	     -1.86749922	     -1.12207056	     21.25645177	      0.03002299	      0.05189122	     -0.24650787	     -0.04441380	      0.21342888	      0.08056218	      0.15724497	     -4.05240951	     -0.05314086	     -0.08123119
      0.38000000	    -10.81822099	     31.79970237	    -18.82580602	    107.31682775	    192.31135748	    -15.96559071	    -17.79187585	    -15.59202532	      2.89455417	     42.65847730	     -4.66994398	     -0.03204768	    -15.51623937	     -7.08996186	     -2.92278599	    -36.87530302	     -5.43312214	     -0.03780486	     -2.57773618	      0.83983222	     -0.06054496	     -5.09810506	     -1.71759912	     -0.05151811	     -4.13043513	      1.72737736	      0.01241512	      1.77288438	     -2.00926890	     -1.44045279	     14.08248009	      0.03221279	      0.06205454	     -0.38201970	     -0.06143287	      0.22882571	      0.09579868	      0.19800704	     -0.78285014	     -0.06847167	     -0.07181756
      0.39000000	    -21.25178170	     30.71180472	    -13.83321314	     70.79051342	    156.32561003	     -3.75765619	    -22.94806609	    -22.79664158	      3.89610570	     35.75551753	     -5.27928642	      0.46062245	    -13.59211021	     -7.86284922	     -0.16919760	    -39.15057479	     -7.78614700	     -0.03850298	     -1.85039489	     -0.61300417	     -0.05921603	     -5.17188551	     -1.79331972	     -0.03812143	     -5.17285254	      1.78665551	     -0.00509620	      2.11426218	     -2.06157879	     -1.73217355	      5.61984402	      0.03512145	      0.06838454	     -0.53287544	     -0.06578191	      0.23496689	      0.10092858	      0.23155930	      3.06009429	     -0.08184821	     -0.05905790
      0.40000000	    -31.27246811	     25.02319589	     -8.02814642	     32.85121539	    151.90135607	     10.17943047	    -26.85988783	    -31.12627367	      5.37742412	     30.19305174	     -3.81505693	      0.18041940	    -10.44289472	     -9.18618273	      1.77759081	    -42.95944558	    -10.48932474	     -0.04137848	     -1.73789607	     -0.72763111	     -0.05783987	     -5.18254534	     -1.75162163	     -0.02703306	     -5.88994474	      1.72640672	     -0.01833353	      2.49275600	     -2.07387515	     -1.93187282	     -1.62852251	      0.03735628	      0.07184222	     -0.63534811	     -0.06489686	      0.23560085	      0.10272297	      0.25220309	      6.34697272	     -0.09310662	     -0.04621971
      0.41000000	    -37.78871575	     15.21516839	     -1.35281037	     -2.08239090	    162.63808369	     26.94375191	    -28.54579533	    -40.22177042	      7.32787854	     26.67465191	      0.29436761	     -1.22928653	     -6.52434136	    -10.82252201	      2.50444163	    -48.69742999	    -13.60455145	     -0.04495646	     -2.20572432	      1.06220063	     -0.05549347	     -5.21113598	     -1.76868513	     -0.02258370	     -6.19778636	      1.72497037	     -0.02309171	      2.89376921	     -2.08042548	     -2.00338176	     -6.31227792	      0.03769189	      0.07359268	     -0.64508765	     -0.06576993	      0.23348671	      0.10719116	      0.25782745	      8.44783691	     -0.10355807	     -0.03600841
      0.42000000	    -39.75819121	      3.45040724	      5.60724778	    -29.79865659	    173.06616032	     44.81354613	    -27.75377155	    -49.33569186	      9.48924341	     25.02549390	      6.06871949	     -3.58201914	     -2.52613348	    -12.49470584	      2.20113800	    -55.67142961	    -16.90439469	     -0.04810376	     -3.16272980	      4.41499688	     -0.05187801	     -5.22178994	     -1.92696472	     -0.02468298	     -6.11586062	      1.86657379	     -0.01960826	      3.30418597	     -2.07922917	     -1.94697695	     -8.33862346	      0.03543042	      0.07427386	     -0.56877072	     -0.07191237	      0.22835517	      0.11686237	      0.24967627	      9.32106740	     -0.11418393	     -0.03031896
      0.43000000	    -37.21943428	     -7.11325921	     11.38054914	    -46.78152994	    172.42106281	     59.03420837	    -24.82194418	    -57.56667222	     11.45700696	     24.79898886	     11.21598210	     -6.08369218	      1.02069719	    -14.08368824	      1.44361120	    -62.54978525	    -19.97040397	     -0.05025218	     -4.65477314	      8.17173002	     -0.04813526	     -5.10199259	     -2.18715577	     -0.02969059	     -5.73697633	      2.11313278	     -0.01161938	      3.70555499	     -2.03872661	     -1.79137438	     -8.56827069	      0.03064305	      0.07372658	     -0.46574820	     -0.08228689	      0.21755466	      0.12995861	      0.23100034	      9.36451605	     -0.12420378	     -0.02967480
      0.44000000	    -30.43536932	    -13.67040590	     14.10837382	    -50.63948053	    155.82019982	     64.04418342	    -20.42394305	    -64.20735487	     12.87189408	     25.72464120	     13.32833925	     -7.69343745	      3.93150868	    -15.57328726	      0.78255237	    -67.99494528	    -22.41595819	     -0.05129568	     -6.78883315	     10.93519368	     -0.04481060	     -4.75185998	     -2.41754196	     -0.03313829	     -5.16691857	      2.33407942	     -0.00368938	      4.05968857	     -1.92281418	     -1.57524476	     -8.25824185	      0.02419987	      0.07114881	     -0.40996780	     -0.09214998	      0.19845673	      0.14134068	      0.20518079	      9.14072394	     -0.13128839	     -0.03297365
      0.45000000	    -19.75074438	    -14.99231907	     12.61288079	    -40.76076033	    123.58264991	     56.56014098	    -15.29997700	    -68.85933866	     13.55229383	     27.67691143	     11.34578294	     -7.75781701	      6.34449614	    -16.88542532	      0.44540376	    -71.18294931	    -24.01419947	     -0.05137684	     -9.44576805	     11.82246503	     -0.04249488	     -4.14867948	     -2.45741081	     -0.03217803	     -4.47432632	      2.36989472	      0.00118116	      4.29532610	     -1.71266233	     -1.32970505	     -8.49616299	      0.01748259	      0.06549990	     -0.43406216	     -0.09520092	      0.17038012	      0.14462800	      0.17433933	      9.11649236	     -0.13299896	     -0.03805220
      0.46000000	     -6.12854220	    -11.87790895	      7.28248457	    -19.03518120	     79.67574081	     37.53560097	    -10.11945181	    -71.32677886	     13.50819729	     30.33245886	      6.27341150	     -6.46757736	      8.51481902	    -17.80308601	      0.32819732	    -71.97771077	    -24.68734102	     -0.05073553	    -12.09077007	     10.91087040	     -0.04104167	     -3.35059244	     -2.18453640	     -0.02636151	     -3.68420521	      2.09895561	      0.00228652	      4.31654216	     -1.41412042	     -1.07262893	     -9.84795006	      0.01189312	      0.05603057	     -0.49981031	     -0.08617260	      0.13499823	      0.13469575	      0.13938590	      9.51516960	     -0.12806243	     -0.04277803
      0.47000000	      8.31616478	     -6.66695485	      0.03708176	      9.93829785	     30.09461075	     11.97949536	     -5.49905030	    -71.58189063	     12.88691551	     32.96342180	      0.61187357	     -4.73910861	     10.53967203	    -18.03080573	      0.20626833	    -70.76009030	    -24.47702887	     -0.04965644	    -13.96717093	      9.09009556	     -0.03998048	     -2.45771407	     -1.56123437	     -0.01690093	     -2.81158470	      1.48277752	      0.00041204	      4.04555916	     -1.05337139	     -0.81557666	    -12.30323906	      0.00842171	      0.04277519	     -0.52284758	     -0.06286940	      0.09567095	      0.10963058	      0.10134918	     10.30563327	     -0.11668619	     -0.04588603
      0.48000000	     20.54753510	     -2.10807350	     -6.64903886	     39.66838579	    -18.33499119	    -13.06118443	     -2.01040025	    -69.90966988	     11.91229561	     34.59914133	     -3.08215606	     -3.58302286	     12.23908200	    -17.31318079	     -0.03931444	    -68.12078146	    -23.56505064	     -0.04845460	    -14.54339771	      7.45367108	     -0.03878196	     -1.56831381	     -0.64724343	     -0.00546439	     -1.90013567	      0.57869665	     -0.00339033	      3.47934117	     -0.66765718	     -0.57339003	    -15.45073027	      0.00742609	      0.02677804	     -0.43258839	     -0.02697949	      0.05639614	      0.07149675	      0.06264036	     11.29029857	     -0.10041797	     -0.04709451
      0.49000000	     27.73048233	     -0.13298268	    -10.96553458	     63.57846376	    -58.77555600	    -31.28823811	     -0.02058384	    -66.99337329	     10.82708689	     34.41677326	     -3.50947323	     -3.46044265	     13.31691392	    -15.55943729	     -0.34730919	    -64.63392347	    -22.27348243	     -0.04743779	    -13.77353313	      6.66220873	     -0.03676955	     -0.75646144	      0.41621212	      0.00649896	     -1.03089069	     -0.47528933	     -0.00837804	      2.71521268	     -0.29656032	     -0.36549113	    -18.74064890	      0.00859289	      0.00993631	     -0.21968344	      0.01630184	      0.02083926	      0.02591493	      0.02696839	     12.22697809	     -0.08211477	     -0.04671048
      0.50000000	     28.54829475	     -1.13117961	    -12.43438484	     77.02017194	    -85.36508111	    -39.43950612	      0.55096519	    -63.71039092	      9.82893069	     32.09687813	     -1.05597163	     -4.09276746	     13.63667293	    -12.96539304	     -0.57904036	    -60.77019948	    -20.96741883	     -0.04684104	    -11.99929564	      6.67872427	     -0.03358305	     -0.07611458	      1.44090225	      0.01763203	     -0.29568687	     -1.49359697	     -0.01381754	      1.92092516	      0.02290918	     -0.20784495	    -21.70668799	      0.01104211	     -0.00544522	      0.05955302	      0.05944497	     -0.00817601	     -0.01919357	     -0.00201722	     12.92660953	     -0.06555220	     -0.04522401
      0.51000000	     23.80037675	     -4.06539648	    -11.74309408	     78.54379579	    -94.82774530	    -38.05554700	      0.30062219	    -60.74167568	      9.01464009	     27.98457297	      2.72979600	     -4.77840193	     13.31039587	    -10.05334240	     -0.68103779	    -56.87463109	    -19.90525608	     -0.04676822	     -9.71282575	      6.97934264	     -0.02942740	      0.42274973	      2.23788201	      0.02626671	      0.23984774	     -2.28820989	     -0.01846568	      1.26650946	      0.25777970	     -0.10478691	    -24.08289679	      0.01361578	     -0.01719763	      0.31734667	      0.09435851	     -0.02855861	     -0.05549298	     -0.02208028	     13.29871279	     -0.05414795	     -0.04314211
      0.52000000	     15.88850376	     -7.26443678	    -10.03567142	     69.87188256	    -88.05151833	    -30.41042493	      0.09814140	    -58.31385351	      8.36220811	     22.98116597	      6.12085408	     -4.90934823	     12.52198370	     -7.51240776	     -0.75547092	    -53.14327640	    -19.15314067	     -0.04716565	     -7.40274783	      7.01464082	     -0.02496026	      0.68696916	      2.66791182	      0.03047989	      0.55385084	     -2.71900442	     -0.02063471	      0.85858349	      0.38086084	     -0.04964960	    -25.81538824	      0.01533304	     -0.02377557	      0.48153936	      0.11459233	     -0.03858890	     -0.07652217	     -0.03265799	     13.34887499	     -0.04942617	     -0.04096938
      0.53000000	      7.60326340	     -9.36443650	     -8.19575148	     54.64519846	    -70.26045861	    -20.30501586	      0.67765303	    -56.27609780	      7.76393951	     18.17827633	      8.04664537	     -4.32690777	     11.31916118	     -5.87192709	     -0.98158690	    -49.61482926	    -18.62688776	     -0.04783175	     -5.45981871	      6.57386754	     -0.02095337	      0.67206610	      2.68033577	      0.02881562	      0.65673904	     -2.73357412	     -0.01898195	      0.71065194	      0.37575236	     -0.03371077	    -27.00752746	      0.01581253	     -0.02458117	      0.52710782	      0.11732101	     -0.03693070	     -0.07967765	     -0.03411430	     13.14988875	     -0.05044547	     -0.03915431
      0.54000000	      0.98983545	     -9.92818993	     -6.50594834	     36.65507034	    -49.18309227	    -10.08349663	      2.33683670	    -54.43453182	      7.09597700	     14.40551854	      8.40933759	     -3.34540357	      9.59720111	     -5.23361557	     -1.47087425	    -46.21840266	    -18.22325001	     -0.04849635	     -4.06640786	      5.84747054	     -0.01796609	      0.36448813	      2.32363195	      0.02114057	      0.56766674	     -2.37894980	     -0.01338492	      0.75801917	      0.24331067	     -0.05477866	    -27.84536488	      0.01540729	     -0.02004805	      0.47685897	      0.10416178	     -0.02318675	     -0.06693048	     -0.02693881	     12.80718843	     -0.05458402	     -0.03794221
      0.55000000	     -3.17796479	     -9.52793276	     -4.75229195	     18.65964356	    -32.07216812	     -0.03316738	      4.90864726	    -52.87104847	      6.28825083	     11.95843724	      7.85690275	     -2.50298991	      7.22851885	     -5.26618586	     -2.18105378	    -42.86842031	    -17.93865917	     -0.04890692	     -3.13446747	      5.22444666	     -0.01619235	     -0.20058680	      1.72470314	      0.00896217	      0.30389303	     -1.78140954	     -0.00519153	      0.90154846	      0.00534977	     -0.11769570	    -28.53532573	      0.01496997	     -0.01149262	      0.37733761	      0.08042583	      0.00139948	     -0.04391739	     -0.01166176	     12.42979488	     -0.05897077	     -0.03723309
      0.56000000	     -5.25076599	     -9.24929632	     -2.59877187	      2.43646487	    -23.11556226	     10.61095367	      7.95862864	    -51.97023590	      5.35499099	     10.65040130	      7.23288205	     -2.22622471	      4.17889602	     -5.43511970	     -2.92558939	    -39.54703737	    -17.87722163	     -0.04892590	     -2.39299987	      5.00434367	     -0.01550367	     -0.93021927	      1.05067259	     -0.00488388	     -0.10904410	     -1.10802425	      0.00321504	      1.05427540	     -0.29538777	     -0.22679952	    -29.26486434	      0.01538831	     -0.00084730	      0.26957408	      0.05334772	      0.03343284	     -0.01802307	      0.01052226	     12.11092285	     -0.06161641	     -0.03662269
      0.57000000	     -6.15856340	     -9.81357107	      0.02189879	    -10.42258860	    -22.36888665	     21.90118213	     11.01960473	    -52.08350424	      4.37005298	     10.07133590	      7.03067472	     -2.59733102	      0.57289810	     -5.27666930	     -3.44380303	    -36.31878854	    -18.12789297	     -0.04857432	     -1.58399578	      5.20115094	     -0.01559668	     -1.67498553	      0.46868659	     -0.01691007	     -0.61708733	     -0.52601679	      0.00919755	      1.16972646	     -0.59841107	     -0.37562377	    -30.18283717	      0.01711742	      0.00961936	      0.17200925	      0.03014493	      0.06722469	      0.00362921	      0.03690913	     11.91884565	     -0.06181609	     -0.03570957
      0.58000000	     -6.83908662	    -10.89276255	      2.72053965	    -18.14294300	    -26.48479792	     32.02364153	     13.70579103	    -53.09240920	      3.41418108	      9.81562531	      7.14757308	     -3.33132841	     -3.24850350	     -4.57679229	     -3.50476411	    -33.27739254	    -18.61316449	     -0.04799237	     -0.61338208	      5.53266448	     -0.01612478	     -2.25217085	      0.10910909	     -0.02390867	     -1.12539565	     -0.16584862	      0.01076627	      1.24403558	     -0.83468333	     -0.54000789	    -31.39230343	      0.01990488	      0.01764061	      0.08140207	      0.01631475	      0.09545241	      0.01584092	      0.06286315	     11.89459316	     -0.05997400	     -0.03447911
      0.59000000	     -7.86062333	    -11.22313453	      4.79802957	    -19.39721878	    -30.70622531	     37.72275160	     15.71723405	    -54.29463963	      2.54002337	      9.57284604	      7.04896206	     -3.95500051	     -6.70292535	     -3.43155588	     -3.00277578	    -30.48055962	    -19.06408637	     -0.04735457	      0.44093421	      5.58790086	     -0.01676567	     -2.49633964	      0.03429119	     -0.02393412	     -1.51386367	     -0.09017543	      0.00729160	      1.29842623	     -0.94402568	     -0.68103670	    -32.94982760	      0.02283507	      0.02145466	     -0.01323913	      0.01428651	      0.11094840	      0.01655546	      0.08256206	     12.05066271	     -0.05721281	     -0.03340441
      0.60000000	     -9.25902086	     -9.50655845	      5.65448208	    -14.34113682	    -31.04861600	     36.08861950	     16.85883205	    -54.77082280	      1.77213864	      9.14717704	      6.19091083	     -4.07342808	     -9.05605819	     -2.20611573	     -1.99034010	    -27.92875304	    -19.17025869	     -0.04680738	      1.43114329	      5.07045639	     -0.01726233	     -2.31933549	      0.22106583	     -0.01691478	     -1.68272873	     -0.27638582	     -0.00034302	      1.35715405	     -0.89565497	     -0.75924690	    -34.86865785	      0.02468470	      0.02038701	     -0.11461100	      0.02273407	      0.10913362	      0.00738933	      0.09100812	     12.36880260	     -0.05498875	     -0.03311719
      0.61000000	    -10.57173050	     -5.38042664	      5.15304558	     -5.01706241	    -25.65904577	     26.43263736	     17.12448264	    -53.94166587	      1.12148659	      8.47956801	      4.39062074	     -3.56432407	     -9.65584029	     -1.40204426	     -0.65943187	    -25.59191947	    -18.78536857	     -0.04645570	      2.25291607	      3.96686683	     -0.01747708	     -1.75145333	      0.56713865	     -0.00473393	     -1.59749377	     -0.62266489	     -0.01007014	      1.43394126	     -0.70222199	     -0.75137636	    -37.12576564	      0.02442352	      0.01518315	     -0.20991839	      0.03697828	      0.08999627	     -0.00687582	      0.08614395	     12.80168378	     -0.05471072	     -0.03391836
      0.62000000	    -11.11590488	      0.31667878	      3.66384052	      5.33232768	    -15.00021519	     10.97396061	     16.76183843	    -51.88337703	      0.58980553	      7.64821119	      1.91629685	     -2.59900835	     -8.25094768	     -1.44269733	      0.69152507	    -23.44517678	    -18.02147115	     -0.04636961	      2.90129965	      2.53948576	     -0.01757308	     -0.94326614	      0.92523854	      0.00916543	     -1.30024369	     -0.98172054	     -0.01916379	      1.53012827	     -0.41970765	     -0.65932326	    -39.67274243	      0.02165722	      0.00780645	     -0.27695373	      0.05064757	      0.05864224	     -0.01997167	      0.06974783	     13.28417171	     -0.05733406	     -0.03554888
      0.63000000	    -10.46106520	      6.10160837	      1.81804528	     13.64053790	     -1.16851627	     -6.00067618	     16.22670556	    -49.22981548	      0.16088203	      6.79262045	     -0.69013501	     -1.51304273	     -5.24324740	     -2.44663138	      1.72245187	    -21.48099126	    -17.17312982	     -0.04657767	      3.46890597	      1.16780092	     -0.01799065	     -0.12088108	      1.15618107	      0.02072401	     -0.88723151	     -1.21378564	     -0.02497115	      1.63945244	     -0.13086479	     -0.50907180	    -42.44925203	      0.01685130	      0.00073623	     -0.29851217	      0.05811888	      0.02396796	     -0.02652819	      0.04683915	     13.75366804	     -0.06305733	     -0.03737825
      0.64000000	     -8.80241144	     10.65830591	      0.20972671	     18.20374829	     13.14563161	    -19.85988689	     16.03892567	    -46.82338145	     -0.20737372	      5.97964857	     -2.87638261	     -0.62965490	     -1.65591421	     -4.13800135	      2.16433083	    -19.69931829	    -16.54963422	     -0.04704791	      4.10842751	      0.15280488	     -0.01903919	      0.49416423	      1.17838025	      0.02664094	     -0.47099760	     -1.23656342	     -0.02580211	      1.75343127	      0.08346396	     -0.34140761	    -45.39717942	      0.01119141	     -0.00392299	     -0.27534006	      0.05659998	     -0.00435156	     -0.02405698	      0.02393893	     14.17206594	     -0.07127249	     -0.03879601
      0.65000000	     -6.92911241	     13.31531054	     -0.78469065	     19.00215565	     25.58755334	    -27.25997702	     16.61149216	    -45.38188068	     -0.57637632	      5.10335464	     -4.28239527	     -0.12719521	      1.27649303	     -5.97146278	      1.92447644	    -18.09156168	    -16.33781783	     -0.04767943	      4.97335621	     -0.41222067	     -0.02096344	      0.76738624	      0.99123514	      0.02557085	     -0.14012843	     -1.04917139	     -0.02152846	      1.86481003	      0.17396506	     -0.19642160	    -48.47457120	      0.00607976	     -0.00516029	     -0.23046235	      0.04685584	     -0.01948921	     -0.01356751	      0.00665310	     14.53993988	     -0.08075396	     -0.03948000
      0.66000000	     -5.83639836	     14.09456559	     -1.05164978	     17.13652478	     34.66340539	    -27.03294921	     18.10900173	    -45.31999620	     -1.00460619	      3.90293710	     -4.84835388	      0.00990748	      2.66504803	     -7.37128283	      1.11311377	    -16.62471225	    -16.55904428	     -0.04831739	      6.14477677	     -0.66555488	     -0.02377612	      0.69456947	      0.66570060	      0.01848389	      0.06973890	     -0.72289384	     -0.01351118	      1.96912801	      0.13898167	     -0.09834252	    -51.66933936	      0.00255583	     -0.00332357	     -0.20332393	      0.03248569	     -0.01988758	      0.00123762	     -0.00239256	     14.89742942	     -0.08993877	     -0.03940945
      0.67000000	     -6.27455448	     13.53097840	     -0.69089487	     13.91673426	     39.87103657	    -20.24129198	     20.38120691	    -46.70072814	     -1.52211963	      2.10846829	     -4.82561723	     -0.04866492	      2.30770415	     -7.95155773	     -0.01097831	    -15.23114739	    -17.10018138	     -0.04878745	      7.57315919	     -0.90181109	     -0.02623138	      0.38514274	      0.31007858	      0.00808693	      0.17620103	     -0.36667646	     -0.00399906	      2.06490732	      0.01892501	     -0.05007812	    -55.01065047	      0.00098321	      0.00020190	     -0.23586715	      0.01826062	     -0.00915914	      0.01564269	     -0.00400838	     15.31269395	     -0.09722639	     -0.03873337
      0.68000000	     -8.43902156	     12.39003516	      0.09379757	     10.12655293	     41.72992559	     -9.62696212	     23.01864750	    -49.24905957	     -2.11761471	     -0.37156825	     -4.66820740	     -0.08472317	      0.68424540	     -7.67170444	     -1.12200613	    -13.81980010	    -17.76614619	     -0.04894391	      9.07188617	     -1.42917517	     -0.02831650	      0.00372047	      0.02561192	     -0.00223130	      0.22053716	     -0.08227748	      0.00457088	      2.15207249	     -0.12557282	     -0.03958770	    -58.57209064	      0.00106567	      0.00374472	     -0.35487562	      0.00814775	      0.00611618	      0.02584861	     -0.00113837	     15.86332022	     -0.10130036	     -0.03766917
      0.69000000	    -11.91368468	     11.33098628	      1.10446543	      5.82987510	     41.75523722	      1.34295924	     25.52699166	    -52.41968574	     -2.74408981	     -3.37356802	     -4.80641217	      0.05143745	     -1.30199761	     -6.87067543	     -1.90482682	    -12.31542544	    -18.33000322	     -0.04872651	     10.41343439	     -2.41749428	     -0.02989686	     -0.29322281	     -0.12910210	     -0.00943426	      0.23416442	      0.07155106	      0.01015000	      2.22931596	     -0.23790492	     -0.05048549	    -62.46049533	      0.00205737	      0.00608057	     -0.55728491	      0.00386281	      0.01913975	      0.03034820	      0.00299315	     16.61635676	     -0.10155613	     -0.03649231
      0.70000000	    -15.96834975	     10.64046084	      2.20913335	      0.60280696	     42.26952404	      9.70910219	     27.53294870	    -55.55354740	     -3.33703484	     -6.59002701	     -5.38916010	      0.37938248	     -2.72172013	     -6.09620925	     -2.13705903	    -10.70379855	    -18.59302891	     -0.04820486	     11.46983174	     -3.79764359	     -0.03144148	     -0.40191193	     -0.14861572	     -0.01164087	      0.22828902	      0.08950343	      0.01155793	      2.28931578	     -0.28204704	     -0.06889333	    -66.79035982	      0.00307881	      0.00674659	     -0.80439042	      0.00473833	      0.02503885	      0.02999522	      0.00606707	     17.61077801	     -0.09840536	     -0.03554054
      0.71000000	    -20.04857406	     10.12289957	      3.33192708	     -6.02513690	     45.67936133	     14.08442170	     28.90837137	    -58.10772795	     -3.83535105	     -9.80238930	     -6.12727168	      0.81019229	     -3.00303880	     -5.79573174	     -1.76604858	     -9.04810665	    -18.45997493	     -0.04757683	     12.32407063	     -5.25632348	     -0.03369062	     -0.29329362	     -0.06562835	     -0.00859134	      0.20536869	      0.00451674	      0.00880872	      2.31348853	     -0.24931622	     -0.08548451	    -71.65214969	      0.00347537	      0.00591669	     -1.02862471	      0.00881215	      0.02206053	      0.02686479	      0.00697745	     18.84569202	     -0.09327694	     -0.03513556
      0.72000000	    -24.03283879	      9.20606159	      4.39556563	    -14.16131660	     53.25812096	     14.91140823	     29.76430895	    -59.85576586	     -4.19851520	    -13.02219116	     -6.38439294	      1.22897383	     -2.11599696	     -6.09041614	     -0.93667132	     -7.46417266	    -17.99629678	     -0.04710655	     13.25189668	     -6.34657834	     -0.03638413	     -0.01444068	      0.07482279	     -0.00162270	      0.17075780	     -0.13813888	      0.00308098	      2.27004771	     -0.15693951	     -0.09595271	    -77.08734961	      0.00308540	      0.00410456	     -1.15342373	      0.01418522	      0.01176737	      0.02284905	      0.00572228	     20.27827896	     -0.08814727	     -0.03543149
      0.73000000	    -28.09692585	      7.30498114	      5.27387573	    -23.21093393	     64.02279193	     13.73806163	     30.35916417	    -60.94661188	     -4.41671687	    -16.41360734	     -5.56028158	      1.57906554	     -0.53444507	     -6.76599093	      0.05576792	     -6.07543631	    -17.42171181	     -0.04702562	     14.56466853	     -6.69955061	     -0.03943996	      0.33064223	      0.23657127	      0.00686174	      0.13358730	     -0.30199247	     -0.00372299	      2.11990532	     -0.04030547	     -0.10147853	    -83.07982909	      0.00229382	      0.00191285	     -1.12257705	      0.01983399	     -0.00169910	      0.01881984	      0.00321461	     21.83414353	     -0.08470143	     -0.03630610
      0.74000000	    -32.46706577	      4.31157782	      5.81665998	    -31.67110801	     74.41683885	     12.04886076	     30.99865245	    -61.79652017	     -4.51153076	    -20.13111773	     -3.57909061	      1.88974035	      0.92464222	     -7.43357478	      0.86277756	     -4.97789587	    -17.03024716	     -0.04744053	     16.43387246	     -6.25618788	     -0.04140054	      0.61857516	      0.40064153	      0.01418546	      0.10532071	     -0.46763977	     -0.00958540	      1.83244015	      0.05928549	     -0.10716817	    -89.56394298	      0.00182728	     -0.00013447	     -0.92902424	      0.02565960	     -0.01310155	      0.01460883	      0.00089416	     23.42774443	     -0.08357801	     -0.03739669
      0.75000000	    -37.26079979	      0.88282376	      5.95048050	    -37.39435037	     79.33383728	     10.41119931	     31.96983890	    -62.88206311	     -4.52585592	    -24.22586484	     -1.15267160	      2.23099071	      1.36878317	     -7.75757430	      1.18574035	     -4.22817895	    -17.07516337	     -0.04829032	     18.80357570	     -5.38280564	     -0.04284176	      0.75221873	      0.55897437	      0.01814127	      0.10393019	     -0.62665885	     -0.01284829	      1.40718662	      0.10863483	     -0.11670631	    -96.44134427	      0.00233716	     -0.00169797	     -0.62853693	      0.03189057	     -0.01802310	      0.00969436	     -0.00005209	     24.98485379	     -0.08408163	     -0.03827470
      0.76000000	    -42.29695024	     -1.77556053	      5.76047056	    -38.21087333	     74.01474130	      8.38592193	     33.50351271	    -64.54310867	     -4.50545646	    -28.59163392	      0.43194653	      2.63465521	      0.19248423	     -7.64509704	      0.86470867	     -3.84882439	    -17.67802033	     -0.04938209	     21.43911843	     -4.75878473	     -0.04366911	      0.69682852	      0.69996711	      0.01754479	      0.15515133	     -0.76747739	     -0.01252489	      0.89351746	      0.09390350	     -0.12692993	   -103.59498132	      0.00396971	     -0.00264295	     -0.32755936	      0.03823321	     -0.01458281	      0.00416076	      0.00054136	     26.45717598	     -0.08457852	     -0.03865622
      0.77000000	    -46.98468971	     -2.58555217	      5.52399636	    -32.91670899	     56.01857675	      5.33977575	     35.74181845	    -66.88325211	     -4.47941584	    -32.94814459	     -0.01464661	      3.04958509	     -2.62961916	     -7.28356770	     -0.04387765	     -3.83891269	    -18.80282219	     -0.05049242	     24.02729875	     -5.05115446	     -0.04392788	      0.49301286	      0.79905186	      0.01263854	      0.27753438	     -0.86604428	     -0.00863595	      0.39582916	      0.02499995	     -0.12896886	   -110.89235336	      0.00620464	     -0.00296321	     -0.14632593	      0.04342584	     -0.00419583	     -0.00078126	      0.00183400	     27.82313982	     -0.08331516	     -0.03852943
      0.78000000	    -50.38758614	     -1.31049612	      5.65730422	    -22.05855372	     26.30389678	      1.58251788	     38.70251541	    -69.78547365	     -4.44932846	    -36.84784368	     -2.81731775	      3.37315462	     -6.48910087	     -6.98745473	     -1.21813912	     -4.18232496	    -20.29255148	     -0.05147706	     26.27011069	     -6.53575672	     -0.04384804	      0.24571050	      0.82464350	      0.00532378	      0.45688929	     -0.89142448	     -0.00257104	      0.05298788	     -0.06719558	     -0.11643179	   -118.17998554	      0.00807276	     -0.00269851	     -0.17173061	      0.04566033	      0.00884955	     -0.00320348	      0.00284322	     29.07668891	     -0.07929253	     -0.03813534
      0.79000000	    -51.52280337	      1.16585196	      6.57917330	     -8.24857151	    -10.94850995	     -1.09804578	     42.25113570	    -72.99449594	     -4.39354174	    -39.78529695	     -7.05952522	      3.53479832	    -10.32157478	     -6.96342159	     -2.11190507	     -4.85006646	    -21.93199919	     -0.05232184	     27.94097246	     -8.88649290	     -0.04361416	      0.09548625	      0.75786564	     -0.00105107	      0.63586607	     -0.82499417	      0.00292623	     -0.00945136	     -0.13847143	     -0.09251295	   -125.27997346	      0.00859259	     -0.00196939	     -0.42091599	      0.04368803	      0.01863312	     -0.00160957	      0.00322151	     30.21209978	     -0.07280348	     -0.03781934
      0.80000000	    -49.76960884	      3.19204717	      8.52153215	      4.14249175	    -49.58878353	     -0.15503981	     46.09721767	    -76.20577924	     -4.28400536	    -41.40358164	    -10.90046712	      3.55399233	    -12.90330916	     -7.18352718	     -2.14306764	     -5.79545549	    -23.50300616	     -0.05310436	     28.90243132	    -11.27674223	     -0.04347681	      0.17604716	      0.61298097	     -0.00268355	      0.73954614	     -0.68070976	      0.00461068	      0.25909463	     -0.14277840	     -0.06762026	   -131.99897413	      0.00716379	     -0.00112587	     -0.83178352	      0.03786399	      0.01927926	      0.00393858	      0.00303890	     31.21332965	     -0.06538920	     -0.03783423
      0.81000000	    -45.18837680	      3.18325656	     11.35346171	     10.11607503	    -83.25546347	      5.96716334	     49.82641238	    -79.12946543	     -4.10516327	    -41.65959735	    -12.49582002	      3.51023958	    -13.20634229	     -7.45917274	     -0.99382003	     -6.94718819	    -24.82209705	     -0.05389308	     29.09815411	    -12.76355750	     -0.04348346	      0.56373376	      0.44339345	      0.00298973	      0.72960001	     -0.51146310	      0.00034964	      0.78066166	     -0.04729360	     -0.04785012	   -138.14905699	      0.00376052	     -0.00085134	     -1.28259373	      0.03040399	      0.00686601	      0.01147015	      0.00171318	     32.05215357	     -0.05920056	     -0.03819826
      0.82000000	    -38.63775607	      0.54837773	     14.51698790	      5.97580638	   -106.90151385	     16.18480301	     52.98052767	    -81.52276906	     -3.86388732	    -40.81567268	    -11.02708731	      3.44412835	    -10.80169159	     -7.60938090	      1.13787578	     -8.21328146	    -25.76614769	     -0.05465462	     28.54249522	    -12.74857025	     -0.04348810	      1.23651148	      0.32688549	      0.01569020	      0.65069661	     -0.39461003	     -0.00936028	      1.32104226	      0.15261825	     -0.02415765	   -143.56854498	     -0.00107216	     -0.00205309	     -1.62599395	      0.02470117	     -0.01882773	      0.01772451	     -0.00276679	     32.69365304	     -0.05598855	     -0.03868776
      0.83000000	    -31.64117233	     -3.81874780	     17.14040087	     -8.57399215	   -117.54929716	     26.56274767	     55.19547152	    -83.20141383	     -3.58709220	    -39.24525958	     -7.17856262	      3.28621250	     -6.21240150	     -7.54597755	      3.52600984	     -9.50937002	    -26.29036808	     -0.05523992	     27.33236437	    -11.23129235	     -0.04334465	      2.06689882	      0.33500317	      0.03186331	      0.62942371	     -0.40114542	     -0.02108350	      1.50069023	      0.42596728	      0.02689615	   -148.12985659	     -0.00635845	     -0.00550120	     -1.71407581	      0.02405744	     -0.05350916	      0.01941315	     -0.01324139	     33.10357200	     -0.05615217	     -0.03897311
      0.84000000	    -25.94827145	     -7.93654698	     18.30046602	    -29.37195198	   -114.13800150	     32.02048101	     56.36879199	    -84.05574871	     -3.31075109	    -37.14879123	     -2.68292892	      2.89885253	     -0.96530115	     -7.25207215	      5.19764106	    -10.80753274	    -26.43716799	     -0.05546908	     25.66138007	     -8.68675155	     -0.04312153	      2.86096093	      0.49698490	      0.04587580	      0.81743954	     -0.55959327	     -0.02972985	      0.87466274	      0.71230183	      0.12988344	   -151.73196426	     -0.01097800	     -0.01134916	     -1.40553579	      0.03020880	     -0.08924943	      0.01473195	     -0.03156831	     33.25144713	     -0.05832693	     -0.03880674
      0.85000000	    -22.79595593	     -9.91039762	     17.32065487	    -48.79729073	    -96.76725920	     29.02391986	     56.76109186	    -84.07205476	     -3.06483901	    -34.29765962	      0.76694295	      2.21351377	      2.88126925	     -6.78474878	      5.36398739	    -12.17316379	    -26.32552803	     -0.05526351	     23.74154249	     -5.69219639	     -0.04317590	      3.42961671	      0.77103372	      0.05226451	      1.31124047	     -0.82827024	     -0.03072932	     -0.85281190	      0.94090083	      0.29483528	   -154.28783290	     -0.01411524	     -0.01878309	     -0.58813536	      0.04198129	     -0.11710320	      0.00475135	     -0.05696707	     33.10760852	     -0.05982187	     -0.03812209
      0.86000000	    -22.15647261	     -8.97208107	     14.00093471	    -58.72345838	    -66.00929834	     17.53487621	     56.91693768	    -83.30777082	     -2.85909436	    -29.92895433	      2.36524606	      1.35715863	      3.60968232	     -6.34508248	      3.77337349	    -13.74509544	    -26.10455902	     -0.05473762	     21.53492864	     -2.67471011	     -0.04407112	      3.65795855	      1.03909233	      0.04789941	      2.09331785	     -1.09125741	     -0.02194289	     -3.44277150	      1.05480610	      0.50922436	   -155.72061875	     -0.01569061	     -0.02602668	      0.71495350	      0.05475189	     -0.13039274	     -0.00600458	     -0.08567837	     32.63908313	     -0.05782864	     -0.03698821
      0.87000000	    -22.58801251	     -5.39798498	      8.75009853	    -54.05139922	    -23.01219691	      1.02941851	     57.38176903	    -81.78708345	     -2.67805098	    -22.96164047	      2.08093193	      0.67096369	      0.59804298	     -6.26866246	      0.82314305	    -15.64185379	    -25.87398640	     -0.05418896	     18.39821966	     -0.05745421	     -0.04639859	      3.53779059	      1.13809048	      0.03310718	      3.02141844	     -1.18909509	     -0.00450209	     -5.73445755	      1.02814025	      0.73925654	   -155.97419523	     -0.01642030	     -0.03077664	      2.13823301	      0.06155359	     -0.12689783	     -0.01063040	     -0.11189043	     31.81346113	     -0.05089048	     -0.03552323
      0.88000000	    -22.15317726	      0.51904290	      2.60931694	    -34.97535710	     29.37692836	    -15.22898846	     58.35882703	    -79.37800842	     -2.49199226	    -12.69668740	     -0.14977824	      0.58529392	     -5.52985528	     -6.82079674	     -2.61154237	    -17.83898174	    -25.60782428	     -0.05399630	     13.09191906	      1.39981499	     -0.05055294	      3.14848396	      0.92356776	      0.01133555	      3.86976758	     -0.97982581	      0.01767690	     -5.74117760	      0.86890976	      0.93752844	   -155.03108778	     -0.01733270	     -0.03095067	      2.83963770	      0.05589431	     -0.10875981	     -0.00265880	     -0.12926072	     30.61683552	     -0.03989364	     -0.03388896
      0.89000000	    -20.01571554	      8.97621921	     -2.91713872	     -6.84022385	     85.03583614	    -26.38367964	     59.56386062	    -75.77340343	     -2.27855408	      0.10749327	     -4.74473062	      1.35775326	    -13.34494704	     -7.92820501	     -5.55421632	    -20.11140264	    -25.12914661	     -0.05448727	      4.65741142	      0.69916895	     -0.05634364	      2.60005292	      0.33941436	     -0.01241693	      4.40699388	     -0.40639431	      0.03945823	     -1.70962906	      0.60844615	      1.05529466	   -152.92321933	     -0.01901177	     -0.02547820	      1.79255521	      0.03503384	     -0.08046816	      0.02058344	     -0.13262171	     29.08229437	     -0.02802646	     -0.03231481
      0.90000000	    -17.41311096	     19.56446224	     -6.32379301	     22.15030275	    133.73067800	    -29.34150845	     60.44060961	    -70.64828470	     -2.03972401	     12.46533678	    -11.52890052	      2.77772244	    -21.17432791	     -9.11640066	     -7.32084330	    -22.10886922	    -24.16219557	     -0.05582707	     -6.09776042	     -2.52110660	     -0.06291843	      1.97467410	     -0.54185464	     -0.03352209	      4.47570572	      0.46299713	      0.05635105	      6.16328075	      0.28661794	      1.05685974	   -149.72102015	     -0.02109822	     -0.01479551	     -1.34830150	      0.00182349	     -0.04658172	      0.05599545	     -0.11957550	     27.31384021	     -0.01963694	     -0.03099792
      0.91000000	    -16.79273109	     29.63792329	     -6.77335958	     44.02495355	    162.35463303	    -22.96599038	     60.59517067	    -63.93939982	     -1.80209003	     19.80395650	    -18.45654252	      4.12005778	    -27.40677680	     -9.75262346	     -7.72095862	    -23.52805985	    -22.45286249	     -0.05793840	    -15.96033359	     -7.04623506	     -0.06882736	      1.30189076	     -1.53102047	     -0.04893632	      4.03384130	      1.44460853	      0.06569490	     14.84414911	     -0.05789220	      0.93000824	   -145.49264183	     -0.02238525	     -0.00078827	     -5.39591274	     -0.03601189	     -0.01064666	      0.09534204	     -0.09134258	     25.48421409	     -0.01839887	     -0.02990134
      0.92000000	    -19.39299806	     34.59673698	     -4.57073694	     53.46094880	    158.91360694	     -7.80827174	     60.06409521	    -56.08641294	     -1.59917076	     18.46707343	    -22.01643592	      4.58321755	    -30.65768346	     -9.40476751	     -6.99920287	    -24.25539591	    -19.91778032	     -0.06044357	    -20.98379807	    -10.39427403	     -0.07235176	      0.57265548	     -2.38265271	     -0.05738051	      3.14439401	      2.29717583	      0.06679447	     19.93112953	     -0.39160499	      0.68681202	   -140.23570436	     -0.02137669	      0.01383729	     -7.91455074	     -0.06869552	      0.02477355	      0.12819418	     -0.05221814	     23.78986480	     -0.02555031	     -0.02869186
      0.93000000	    -23.43623586	     30.76979221	     -0.94738980	     48.78602134	    118.16415312	     13.89075319	     59.16910651	    -48.05620313	     -1.44486431	      8.57901078	    -19.80567458	      3.93417548	    -30.14028521	     -8.03908588	     -5.63681994	    -24.38841419	    -16.75692028	     -0.06277025	    -19.71550236	    -10.59993843	     -0.07215700	     -0.23377601	     -2.87895145	     -0.05907081	      1.93556152	      2.80421123	      0.06049779	     18.86796852	     -0.69108085	      0.35536441	   -133.80057037	     -0.01689088	      0.02650644	     -6.93922808	     -0.08783245	      0.05816168	      0.14567117	     -0.00772451	     22.36392614	     -0.03917212	     -0.02697801
      0.94000000	    -25.20606131	     18.33918984	      2.82249207	     31.74294420	     45.83740280	     38.09778249	     58.15133252	    -41.05100557	     -1.31475866	     -5.53231640	    -12.88064717	      2.68831341	    -26.21444308	     -5.94583334	     -4.15896156	    -24.16851478	    -13.44985845	     -0.06425573	    -14.85599419	     -7.82723822	     -0.06795523	     -1.13109097	     -2.90422953	     -0.05552208	      0.56161620	      2.84810417	      0.04878523	     12.94105480	     -0.94979557	     -0.03111440	   -125.84750156	     -0.00843698	      0.03563442	     -2.66568345	     -0.08903150	      0.08959164	      0.14338251	      0.03751999	     21.17587564	     -0.05511248	     -0.02470077
      0.95000000	    -22.40600992	      1.45212184	      6.15473256	      6.64788170	    -41.55468813	     59.50944608	     57.01461401	    -35.95569313	     -1.15446701	    -18.20474916	     -5.25963103	      1.64278220	    -20.56679847	     -3.50034555	     -2.99168865	    -23.91655290	    -10.58163517	     -0.06445135	    -11.40868249	     -4.15239165	     -0.06076080	     -2.11017642	     -2.48203387	     -0.04923181	     -0.82181742	      2.44796876	      0.03438342	      6.03167118	     -1.17827651	     -0.44038693	   -115.90019271	      0.00360357	      0.04098395	      2.66782780	     -0.07296282	      0.12061522	      0.12260385	      0.08083804	     19.97537784	     -0.06902879	     -0.02237344
      0.96000000	    -16.31013243	    -14.18968884	      8.96471806	    -20.58499034	   -121.80650600	     72.79520403	     55.73304521	    -32.75904768	     -0.92536001	    -25.99309904	     -1.12318854	      1.34927846	    -15.54149993	     -0.96152391	     -2.37246779	    -23.97714191	     -8.53280812	     -0.06339570	    -13.17800869	     -1.93582940	     -0.05252488	     -3.12064459	     -1.76048386	     -0.04296179	     -2.06884279	      1.74658959	      0.02025449	      1.59210764	     -1.39148759	     -0.83917943	   -103.54424495	      0.01790046	      0.04335748	      6.53813034	     -0.04473273	      0.15259536	      0.08948259	      0.12070285	     18.34754318	     -0.07808867	     -0.02105016
      0.97000000	    -10.47809117	    -23.86378274	     10.87759256	    -43.53855776	   -174.64352484	     73.87960611	     54.50479529	    -30.29760028	     -0.67509807	    -28.87718248	     -2.48884349	      1.99735307	    -12.86772828	      1.57272296	     -2.34747832	    -24.58264562	     -7.18898275	     -0.06167654	    -20.82883142	     -2.46445701	     -0.04533470	     -4.06687939	     -0.94981732	     -0.03889710	     -3.04787133	      0.94987202	      0.00907468	      0.71900106	     -1.59172292	     -1.18759187	    -88.74089807	      0.03233004	      0.04384032	      7.75069258	     -0.01180707	      0.18454890	      0.05259710	      0.15487794	     15.90935459	     -0.08133866	     -0.02215396
      0.98000000	     -7.65588092	    -25.10786556	     10.86415129	    -56.67371227	   -188.15281027	     60.86279970	     53.65455193	    -26.61950485	     -0.58594893	    -28.83959027	     -8.88820661	      3.53845427	    -12.70058263	      4.09331040	     -2.85544298	    -25.61855858	     -5.89309494	     -0.06020735	    -32.46809936	     -5.69948974	     -0.04062554	     -4.83785399	     -0.23561884	     -0.03815027	     -3.65313112	      0.24148449	      0.00280848	      2.34795358	     -1.76236496	     -1.44089655	    -72.10723626	      0.04457984	      0.04308393	      6.71307193	      0.01894376	      0.21265950	      0.01962781	      0.17948083	     12.58036448	     -0.07912208	     -0.02724570
      0.99000000	     -8.06827645	    -18.09339439	      7.79536817	    -56.83935027	   -161.46354793	     34.77308862	     53.22815040	    -19.98053455	     -0.92983547	    -27.80158804	    -18.34436974	      5.74228029	    -13.74093800	      6.58456128	     -3.80959496	    -26.47479802	     -3.78041123	     -0.06002096	    -45.33219552	    -10.72569017	     -0.03889607	     -5.35805760	      0.29177622	     -0.04066920	     -3.83411237	     -0.28737603	      0.00225438	      4.54214440	     -1.87835212	     -1.56529075	    -54.95080924	      0.05307055	      0.04109168	      4.68858057	      0.04382590	      0.23227439	     -0.00545358	      0.19044007	      8.75208271	     -0.07254772	     -0.03756071
      1.00000000	    -10.26925490	     -5.57105261	      1.45386399	    -44.37724963	   -103.61072999	      0.06842791	     52.72372042	    -10.01466707	     -1.89551079	    -26.66282442	    -28.46611875	      8.19254722	    -14.30211474	      8.95081317	     -5.09210960	    -26.23715422	     -0.37454649	     -0.06084340	    -57.03092395	    -16.28958131	     -0.03983211	     -5.62072155	      0.65139058	     -0.04535356	     -3.63106070	     -0.65272291	      0.00660878	      5.60970827	     -1.92396877	     -1.55886943	    -38.93808914	      0.05760297	      0.03761119	      2.94706322	      0.06296023	      0.24082277	     -0.02304317	      0.18650410	      5.17509228	     -0.06338110	     -0.05322760
      1.01000000	    -12.94062898	      7.91810910	     -6.84322280	    -23.15740341	    -29.94690146	    -35.78492129	     51.34326445	      1.68711380	     -3.36895990	    -25.54804221	    -37.28688018	     10.38352470	    -13.43929459	     11.01199148	     -6.48744072	    -24.24884866	      3.95625748	     -0.06182241	    -66.00400382	    -21.24515888	     -0.04259259	     -5.67840193	      0.92107669	     -0.05036120	     -3.18313009	     -0.92832600	      0.01349280	      4.63001135	     -1.90346340	     -1.45938636	    -25.50782979	      0.05920973	      0.03276959	      2.29268636	      0.07853238	      0.23928707	     -0.03598921	      0.17117093	      2.56421852	     -0.05392410	     -0.07252074
      1.02000000	    -15.69332469	     17.83773222	    -14.55338212	      0.67848752	     42.34465803	    -64.15439753	     48.56931523	     12.13819332	     -4.85445201	    -24.36741926	    -43.87102754	     11.92884330	    -11.34344676	     12.61590934	     -7.64344327	    -20.66790589	      8.08271332	     -0.06156956	    -71.58291433	    -24.91397965	     -0.04615281	     -5.60042457	      1.16003363	     -0.05360083	     -2.69077113	     -1.16934801	      0.01967523	      1.53792325	     -1.83724124	     -1.33006525	    -15.34914195	      0.05931920	      0.02741682	      2.94460605	      0.09206748	      0.23120806	     -0.04660661	      0.15176308	      1.18059190	     -0.04644090	     -0.09187237
      1.03000000	    -18.44523997	     21.66975478	    -19.00142928	     21.00277097	     98.32640539	    -78.03597686	     44.60239801	     18.43578857	     -5.67409242	    -23.03575140	    -48.47918303	     12.72551418	     -8.89696173	     13.79081007	     -8.10440198	    -16.54187064	     10.75070644	     -0.05852844	    -73.93553950	    -27.24759888	     -0.04954376	     -5.42482264	      1.36030587	     -0.05315480	     -2.35005776	     -1.36504462	      0.02207092	     -3.05522178	     -1.74679231	     -1.23270110	     -8.26175324	      0.05884357	      0.02289880	      4.62815206	      0.10280593	      0.22007203	     -0.05482185	      0.13627059	      0.71729583	     -0.04232608	     -0.10701625
      1.04000000	    -20.43508537	     19.80035601	    -18.58672281	     34.07722331	    128.27568654	    -74.60655947	     40.34666476	     19.25402982	     -5.37062498	    -21.39624978	    -52.07897811	     12.93581767	     -6.88788430	     14.76629517	     -7.42050326	    -13.26968769	     11.32953238	     -0.05414493	    -73.86779738	    -28.66812541	     -0.05201635	     -5.13046920	      1.45800345	     -0.04748904	     -2.28787712	     -1.45131324	      0.01851734	     -8.20837602	     -1.63823680	     -1.20322192	     -3.46623609	      0.05774617	      0.02037949	      6.78722119	      0.10820751	      0.20685863	     -0.05855924	      0.12985433	      0.57364735	     -0.04164811	     -0.11485440
      1.05000000	    -20.10559284	     14.75871606	    -13.43682022	     39.83875400	    129.14635318	    -56.31878879	     36.95377521	     15.44159604	     -4.04229272	    -19.21851082	    -55.47218592	     12.81641640	     -5.49303507	     15.81300972	     -5.32481649	    -11.76738668	     10.14004767	     -0.04927045	    -72.43341748	    -29.68019353	     -0.05315291	     -4.64582983	      1.38986578	     -0.03569649	     -2.51656798	     -1.36817056	      0.00828287	    -13.04396802	     -1.49574365	     -1.23919993	     -0.12909853	      0.05524942	      0.02011272	      8.84045379	      0.10600826	      0.18934157	     -0.05578695	      0.13264671	      0.27844681	     -0.04342559	     -0.11511021
      1.06000000	    -16.11747010	      9.49696301	     -5.22590781	     41.31347470	    104.58230496	    -29.94760088	     35.21609396	      9.40867769	     -2.33130874	    -16.42008703	    -58.69193884	     12.55043347	     -4.32764823	     17.03623993	     -1.91118476	    -11.96650485	      8.16885288	     -0.04499027	    -70.48714422	    -30.54064136	     -0.05291417	     -3.89476997	      1.14928212	     -0.01797652	     -2.92537470	     -1.11516849	     -0.00762350	    -17.02982815	     -1.29116848	     -1.30330617	      2.24210477	      0.05047104	      0.02116418	     10.38673774	      0.09620292	      0.16370731	     -0.04652943	      0.13986238	     -0.26501455	     -0.04633922	     -0.11029796
      1.07000000	     -8.56604096	      5.90437856	      3.65195549	     42.55896688	     63.21410694	     -3.89956475	     35.18068902	      3.76288061	     -1.03045017	    -13.29499112	    -61.10089554	     12.19994302	     -2.89117716	     18.26845704	      2.29452080	    -12.99410741	      6.42806189	     -0.04156120	    -68.41529249	    -31.20639163	     -0.05159563	     -2.85909440	      0.79730507	      0.00382045	     -3.32023188	     -0.75970149	     -0.02642090	    -20.05592108	     -1.00624686	     -1.34073800	      3.74164860	      0.04305157	      0.02187380	     11.29075889	      0.08133641	      0.12760192	     -0.03317940	      0.14419743	     -0.84237082	     -0.04928191	     -0.10359281
      1.08000000	      0.74118028	      4.30956855	     11.03969639	     46.37202676	     15.65451391	     14.99265509	     36.19986825	      0.09584165	     -0.59341466	    -10.46035216	    -62.01442199	     11.76370022	     -0.98428034	     19.10539529	      6.42115620	    -13.84743565	      5.43479850	     -0.03903080	    -66.16864092	    -31.52791251	     -0.04970118	     -1.62611690	      0.41970154	      0.02593375	     -3.49710503	     -0.39042620	     -0.04386355	    -22.33201663	     -0.65491855	     -1.30135217	      4.29953391	      0.03339665	      0.02084148	     11.64509651	      0.06477538	      0.08278472	     -0.01879081	      0.13916861	     -1.17391457	     -0.05147817	     -0.09623881
      1.09000000	      9.16470590	      3.96754262	     15.60900232	     52.92755275	    -28.51264947	     23.68776667	     37.30465067	     -1.37664134	     -0.92768132	     -8.49780850	    -61.27899404	     11.24676905	      1.18028355	     19.07721730	      9.47787831	    -13.98836350	      5.11815115	     -0.03736810	    -63.51853778	    -31.46859582	     -0.04778335	     -0.39456773	      0.06718297	      0.04314602	     -3.31879439	     -0.05551883	     -0.05503372	    -24.20636446	     -0.29197538	     -1.15790500	      3.97095728	      0.02252976	      0.01781529	     11.66125624	      0.04843920	      0.03586802	     -0.00487749	      0.12181965	     -1.12539696	     -0.05239746	     -0.08715230
      1.10000000	     14.49795139	      3.95169640	     16.96354379	     59.78361360	    -62.53913085	     23.29474126	     37.58348198	     -1.33856964	     -1.58006448	     -7.56355373	    -59.38219782	     10.67899472	      3.14613604	     17.89945771	     10.67123381	    -13.41855254	      5.08520875	     -0.03606339	    -60.33187567	    -31.16830051	     -0.04630478	      0.57286869	     -0.26952020	      0.05028902	     -2.77224827	      0.26072789	     -0.05584502	    -26.00016732	     -0.00030207	     -0.91794629	      3.04819236	      0.01183133	      0.01391689	     11.55567336	      0.03200147	     -0.00334459	      0.00925984	      0.09404602	     -0.76062565	     -0.05176506	     -0.07522497
      1.11000000	     15.72604519	      3.78109810	     15.45455823	     62.95356479	    -82.85805963	     17.68823680	     36.36407216	     -0.65051639	     -2.08268587	     -7.27733747	    -57.12960481	     10.09159223	      4.48350060	     15.66721760	      9.71126716	    -12.35509387	      4.95022981	     -0.03443097	    -56.69387420	    -30.84940764	     -0.04555097	      1.03978827	     -0.63189429	      0.04442968	     -1.98508404	      0.60609975	     -0.04488505	    -27.90759946	      0.14022259	     -0.62627395	      1.95128955	      0.00280620	      0.01106816	     11.47509578	      0.01412811	     -0.02535919	      0.02517338	      0.06219727	     -0.26179527	     -0.04967220	     -0.06161781
      1.12000000	     13.05132247	      3.50580432	     11.91886799	     58.68103278	    -88.73775906	     11.31173681	     33.29552133	      0.09234409	     -2.18403156	     -6.96098491	    -55.21974698	      9.49316601	      4.97834552	     12.85536317	      6.94794224	    -10.94215780	      4.51580268	     -0.03202132	    -52.84789691	    -30.68342800	     -0.04559686	      0.89215278	     -1.04258010	      0.02649458	     -1.18239735	      1.00619036	     -0.02445487	    -29.97132795	      0.08759894	     -0.35230522	      1.03861090	     -0.00320993	      0.01097483	     11.47489418	     -0.00554710	     -0.02482818	      0.04326295	      0.03481325	      0.18472355	     -0.04659533	     -0.04947931
      1.13000000	      7.48440014	      3.42279915	      7.41078868	     45.44323298	    -81.88937928	      7.31984557	     28.47418638	      0.63495388	     -1.88664254	     -6.02395508	    -53.99278235	      8.86738773	      4.62701799	     10.11007518	      3.24572595	     -9.24173712	      3.79581590	     -0.02871260	    -49.04701461	    -30.71523939	     -0.04630928	      0.19290632	     -1.47532365	      0.00121308	     -0.59500917	      1.43440360	      0.00006820	    -32.11986592	     -0.14218998	     -0.16408963	      0.49012511	     -0.00544946	      0.01427769	     11.54069657	     -0.02545749	     -0.00284968	      0.06189582	      0.01927727	      0.46391122	     -0.04324369	     -0.04167670
      1.14000000	      0.36071627	      3.74191101	      2.95940889	     25.25987439	    -65.95357529	      6.78601649	     22.53345596	      0.95890142	     -1.36694659	     -4.22813968	    -53.41261265	      8.18595733	      3.49703738	      7.95716433	     -0.33208908	     -7.37125211	      2.95423718	     -0.02473528	    -45.43813373	    -30.86329859	     -0.04741785	     -0.83085224	     -1.86562426	     -0.02458601	     -0.36611061	      1.82486791	      0.02222884	    -34.23774360	     -0.47930676	     -0.10142085	      0.30870596	     -0.00406731	      0.02030732	     11.63080120	     -0.04278729	      0.03327830	      0.07821152	      0.01898341	      0.54906677	     -0.04032676	     -0.03901100
      1.15000000	     -6.99299680	      4.42367047	     -0.61186251	      3.34305548	    -45.57062748	      8.96401817	     16.51595768	      1.16787232	     -0.86679613	     -1.71072031	    -53.19955218	      7.42251753	      1.66283493	      6.60745905	     -2.86695653	     -5.55613967	      2.21420810	     -0.02060489	    -42.03922377	    -30.96913069	     -0.04858590	     -1.85872270	     -2.14660904	     -0.04432267	     -0.50181277	      2.10985718	      0.03674339	    -36.23254412	     -0.82343252	     -0.16097526	      0.39265481	     -0.00023277	      0.02741826	     11.71408896	     -0.05500763	      0.07239005	      0.08971305	      0.03216994	      0.47726312	     -0.03836477	     -0.04021648
      1.16000000	    -13.41262590	      5.24421508	     -2.81070053	    -13.93236634	    -25.19244829	     12.08592838	     11.50913702	      1.41158217	     -0.60065514	      1.17286191	    -53.01046043	      6.56201038	     -0.69114794	      5.96321537	     -3.83928475	     -4.03722756	      1.76737620	     -0.01689212	    -38.79325374	    -30.86737760	     -0.04950007	     -2.57632586	     -2.27990970	     -0.05365417	     -0.87773453	      2.25019893	      0.04108194	    -38.07227270	     -1.07465225	     -0.29809902	      0.61382345	      0.00416828	      0.03357353	     11.78692939	     -0.06097145	      0.10274912	      0.09532327	      0.05253928	      0.31177060	     -0.03759276	     -0.04311337
      1.17000000	    -18.02519264	      5.97166958	     -3.56296552	    -21.59978805	     -8.12192247	     14.18859816	      8.23012040	      1.82350231	     -0.68668846	      4.04615111	    -52.59546601	      5.60774149	     -3.17357094	      5.77531079	     -3.24766499	     -2.93867538	      1.70347595	     -0.01401864	    -35.64279181	    -30.45525855	     -0.04994669	     -2.77139616	     -2.26374392	     -0.05157710	     -1.28849400	      2.24222175	      0.03600131	    -39.78850955	     -1.16235943	     -0.44313387	      0.86608436	      0.00717353	      0.03692181	     11.86831449	     -0.06095501	      0.11542838	      0.09534961	      0.07132701	      0.11168362	     -0.03794455	     -0.04571847
      1.18000000	    -20.44042517	      6.48406816	     -3.21766765	    -17.90083999	      3.87763832	     13.77657208	      6.78270986	      2.45077678	     -1.10748137	      6.64263180	    -51.88613374	      4.58698735	     -5.27720131	      5.81657123	     -1.56951874	     -2.21010308	      1.97593505	     -0.01214411	    -32.57650060	    -29.73985648	     -0.04985368	     -2.39779827	     -2.12268658	     -0.04044268	     -1.52224366	      2.10764263	      0.02498297	    -41.45867183	     -1.06546681	     -0.52690158	      1.08256796	      0.00748043	      0.03629975	     11.98446017	     -0.05603076	      0.10699936	      0.09081199	      0.08033091	     -0.08425960	     -0.03909550	     -0.04675632
      1.19000000	    -20.82730434	      6.76880451	     -2.40239828	     -4.77628269	     10.42822240	     10.34738245	      6.69341572	      3.20350413	     -1.71782875	      8.84325775	    -50.98829818	      3.55107478	     -6.56934861	      5.98582051	      0.44001592	     -1.67125145	      2.41753414	     -0.01116949	    -29.63142232	    -28.84213607	     -0.04929207	     -1.58502418	     -1.89463372	     -0.02489958	     -1.43983682	      1.88209015	      0.01278659	    -43.18336141	     -0.81760283	     -0.50658431	      1.23430900	      0.00492446	      0.03160643	     12.15547790	     -0.04751026	      0.08054413	      0.08289447	      0.07493579	     -0.26034683	     -0.04055977	     -0.04572774
      1.20000000	    -19.68742204	      6.87588244	     -1.73508342	     12.81192023	     12.11763625	      4.75444853	      7.17702741	      3.87139454	     -2.30698535	     10.65228490	    -50.08834530	      2.56591200	     -6.77827238	      6.34073537	      2.05763117	     -1.11285251	      2.80701035	     -0.01083563	    -26.86577087	    -27.95244446	     -0.04844499	     -0.58653195	     -1.62459823	     -0.01007581	     -1.03259153	      1.61032516	      0.00360162	    -45.06618148	     -0.49378449	     -0.38197560	      1.32162092	      0.00045898	      0.02391319	     12.38960465	     -0.03680408	      0.04431828	      0.07284049	      0.05589901	     -0.41656394	     -0.04183130	     -0.04288342
      1.21000000	    -17.47626113	      6.88930032	     -1.50363073	     28.43197189	     10.08430986	     -0.80498667	      7.48082180	      4.21498315	     -2.68885903	     12.14711390	    -49.32604625	      1.69458780	     -5.76525955	      7.06343807	      2.89772786	     -0.38765162	      2.95934617	     -0.01086400	    -24.32742695	    -27.25751704	     -0.04755454	      0.31593604	     -1.36350318	      0.00038315	     -0.43614270	      1.34491223	     -0.00057364	    -47.19552806	     -0.18264892	     -0.19629802	      1.36399143	     -0.00432784	      0.01521595	     12.68282920	     -0.02555479	      0.00850872	      0.06211586	      0.02921896	     -0.55672216	     -0.04252814	     -0.03922494
      1.22000000	    -14.43151046	      6.88535595	     -1.47443994	     36.24317287	      5.68159473	     -3.43305956	      7.14484351	      4.08284425	     -2.77184361	     13.41594435	    -48.70380178	      0.97910896	     -3.53441259	      8.33055586	      3.08736354	      0.55064020	      2.79416463	     -0.01101185	    -22.03394480	    -26.87226953	     -0.04685645	      0.91604531	     -1.16540821	      0.00568450	      0.10764486	      1.14201387	     -0.00074124	    -49.62770292	      0.04475918	     -0.02201303	      1.38997840	     -0.00791179	      0.00789316	     13.02010115	     -0.01577185	     -0.01849948	      0.05256575	      0.00425354	     -0.67857362	     -0.04248846	     -0.03638808
      1.23000000	    -10.72433509	      6.86372883	     -0.95346332	     32.96848339	      0.19695171	     -0.75212027	      6.08172223	      3.48922517	     -2.57413758	     14.49988622	    -48.08483848	      0.42933556	     -0.31350675	     10.12510990	      3.22407817	      1.66357709	      2.34964796	     -0.01110437	    -19.96603298	    -26.80544810	     -0.04651978	      1.15685160	     -1.07858389	      0.00810885	      0.33416148	      1.05100801	     -0.00052080	    -52.37521630	      0.15862470	      0.06469140	      1.42654979	     -0.00946805	      0.00399834	     13.37773234	     -0.00970924	     -0.03297631	      0.04632447	     -0.00941826	     -0.77090332	     -0.04179300	     -0.03621361
      1.24000000	     -6.68043718	      6.73731260	      0.87161067	     19.05647524	     -5.34044284	      7.83116883	      4.48222322	      2.60982535	     -2.18653525	     15.37579505	    -47.29212843	      0.02278824	      3.44105224	     12.14477712	      4.10031723	      2.87565741	      1.74216379	     -0.01115735	    -18.07231039	    -26.97353218	     -0.04661377	      1.14620162	     -1.12952506	      0.01186550	      0.06550222	      1.09788752	     -0.00450982	    -55.40643162	      0.17899654	      0.01494473	      1.48856507	     -0.00920491	      0.00451447	     13.72887300	     -0.00922199	     -0.03695560	      0.04521769	     -0.00577481	     -0.81857000	     -0.04072401	     -0.04003225
      1.25000000	     -2.82200601	      6.40355053	      4.41487016	     -1.43852007	    -10.19579574	     20.51408300	      2.64537859	      1.69653539	     -1.71381319	     16.00274382	    -46.25667456	     -0.28786866	      7.17178820	     13.90451977	      6.26513513	      4.12033049	      1.09950759	     -0.01123701	    -16.28661058	    -27.25276611	     -0.04710762	      1.09647190	     -1.30560503	      0.02079147	     -0.69340757	      1.26835823	     -0.01580866	    -58.65925343	      0.16351391	     -0.16749146	      1.57301679	     -0.00820605	      0.00884716	     14.05219886	     -0.01472285	     -0.03688692	      0.04975286	      0.01458088	     -0.81218005	     -0.03968470	     -0.04801228
      1.26000000	      0.22061675	      5.79392259	      9.25062289	    -22.21480000	    -13.83402686	     33.49281824	      0.84894097	      0.97094274	     -1.23463957	     16.40425781	    -45.11834820	     -0.56491129	     10.32060384	     14.93947218	      9.60494235	      5.36244936	      0.50967321	     -0.01142162	    -14.55672186	    -27.53758062	     -0.04788632	      1.20154621	     -1.54890940	      0.03574704	     -1.72480356	      1.50336013	     -0.03376029	    -62.06419573	      0.17403461	     -0.42148326	      1.66328822	     -0.00777517	      0.01495811	     14.34020773	     -0.02447501	     -0.03973884	      0.05841330	      0.04399742	     -0.75654222	     -0.03909537	     -0.05902768
      1.27000000	      1.76490520	      4.87400591	     14.02597760	    -36.82183638	    -15.75738037	     42.18991409	     -0.69589257	      0.58612117	     -0.80291881	     16.71840278	    -44.21004518	     -0.87306454	     12.29186088	     14.96577988	     13.18785580	      6.59521371	      0.01920753	     -0.01224029	    -12.86945731	    -27.77640626	     -0.04876688	      1.51177779	     -1.77013610	      0.05313045	     -2.66292111	      1.71536374	     -0.05322573	    -65.56748594	      0.23720774	     -0.65058294	      1.74201115	     -0.00860881	      0.02022109	     14.60212822	     -0.03489145	     -0.04830930	      0.06792933	      0.07075519	     -0.67255316	     -0.03927120	     -0.07118602
      1.28000000	      1.10772705	      3.66237035	     16.86120695	    -40.71168303	    -15.34824127	     42.82958258	     -1.84505656	      0.67011395	     -0.47383001	     17.16482661	    -43.93124540	     -1.26151391	     12.41360538	     13.95572597	     15.52979810	      7.83432199	     -0.32926300	     -0.01435909	    -11.24986780	    -27.97596478	     -0.04952320	      1.88791307	     -1.87854923	      0.06571099	     -3.13014015	      1.81886825	     -0.06615574	    -69.14638119	      0.32460283	     -0.76193486	      1.80330582	     -0.01031813	      0.02253958	     14.85958673	     -0.04177143	     -0.05884799	      0.07444201	      0.08398144	     -0.59132357	     -0.04029988	     -0.08265145
      1.29000000	     -2.32706824	      2.23697371	     16.13055408	    -32.68541629	    -11.78757022	     33.85806853	     -2.55054729	      1.34002869	     -0.30589809	     17.94842211	    -44.56996398	     -1.74537886	     10.12044254	     12.14152840	     15.23447716	      9.10528379	     -0.48098794	     -0.01793640	     -9.73231707	    -28.17853703	     -0.04993599	      2.07474316	     -1.81491696	      0.06585693	     -2.88725546	      1.75946743	     -0.06510617	    -72.81270546	      0.36878705	     -0.70379814	      1.85487858	     -0.01163797	      0.02110831	     15.13789114	     -0.04186162	     -0.06303404	      0.07491739	      0.07801286	     -0.54407601	     -0.04197342	     -0.09211814
      1.30000000	     -8.59942938	      0.65420266	     11.31588680	    -15.41757301	     -4.23337058	     16.82826299	     -2.92313672	      2.58095740	     -0.31896133	     19.17240890	    -46.14803981	     -2.29935630	      5.40965204	      9.96333503	     11.74530816	     10.43037826	     -0.42145804	     -0.02255385	     -8.32849912	    -28.42271347	     -0.04986260	      1.86057726	     -1.57369434	      0.04983169	     -1.93948082	      1.53008906	     -0.04724246	    -76.60464745	      0.30869473	     -0.48636247	      1.90917736	     -0.01122599	      0.01650470	     15.45778671	     -0.03406281	     -0.05354973	      0.06819847	      0.05435613	     -0.55345362	     -0.04383933	     -0.09869706
      1.31000000	    -16.80145305	     -1.15444326	      3.48128502	      5.10346296	      7.71322883	     -3.68435900	     -3.26401414	      4.07214366	     -0.45163671	     20.81705190	    -48.36704678	     -2.87035204	     -0.71247545	      7.96411210	      5.80110334	     11.80999658	     -0.25470857	     -0.02649754	     -7.02053359	    -28.70840454	     -0.04929706	      1.22657683	     -1.20576711	      0.02075521	     -0.55017586	      1.17285068	     -0.01663871	    -80.57123024	      0.13611410	     -0.17715112	      1.97113387	     -0.00856965	      0.01020779	     15.83080976	     -0.01982877	     -0.02981185	      0.05541726	      0.02058762	     -0.62880741	     -0.04537653	     -0.10158112
      1.32000000	    -25.05435213	     -3.34864775	     -5.02965646	     21.41019540	     23.41473068	    -21.47474462	     -4.01186903	      5.19617846	     -0.58198590	     22.78513884	    -50.70683413	     -3.40212128	     -6.31026538	      6.62904476	     -0.76958126	     13.20937279	     -0.20302735	     -0.03016512	     -5.78584213	    -28.99182356	     -0.04838566	      0.37952424	     -0.80204596	     -0.01210755	      0.86008649	      0.76984225	      0.01701719	    -84.75641288	     -0.09131189	      0.12853648	      2.03069347	     -0.00440121	      0.00391444	     16.25860264	     -0.00269168	      0.00044399	      0.03975243	     -0.01318132	     -0.76398185	     -0.04620730	     -0.10005379
      1.33000000	    -31.28285642	     -5.97453221	    -11.63771319	     27.48598334	     40.67905098	    -31.06869131	     -5.62614459	      5.33980791	     -0.60945271	     24.97136031	    -52.64635396	     -3.85751244	     -9.37502155	      6.21277064	     -5.90555371	     14.59319578	     -0.49003037	     -0.03362691	     -4.63374069	    -29.21715633	     -0.04738391	     -0.36685614	     -0.46599097	     -0.03794044	      1.89169717	      0.42360835	      0.04309828	    -89.18903810	     -0.28448949	      0.34811726	      2.06486931	     -0.00030242	     -0.00096614	     16.73551640	      0.01283234	      0.02553587	      0.02555451	     -0.03839110	     -0.93721241	     -0.04622375	     -0.09403657
      1.34000000	    -34.41683797	     -8.78524442	    -14.72344235	     21.33345283	     55.86743338	    -29.92604999	     -8.46865014	      4.27128489	     -0.51879275	     27.30464896	    -53.88997021	     -4.22706805	     -8.99608368	      6.65241233	     -8.29950131	     15.97072968	     -1.19926509	     -0.03762780	     -3.62401760	    -29.36174835	     -0.04657288	     -0.77701024	     -0.28432610	     -0.04993201	      2.32454585	      0.22754408	      0.05516746	    -93.88091572	     -0.37965575	      0.44075111	      2.04638689	      0.00223144	     -0.00350670	     17.25344511	      0.02260415	      0.03711298	      0.01695566	     -0.05052748	     -1.11460675	     -0.04557317	     -0.08458560
      1.35000000	    -35.08731343	    -11.23276699	    -14.22606609	      5.67327717	     64.86325433	    -19.28911903	    -12.71608146	      2.28585777	     -0.37066958	     29.74322961	    -54.48294495	     -4.52165558	     -5.94723358	      7.64197599	     -7.87537526	     17.42203173	     -2.22945238	     -0.04103690	     -2.85354564	    -29.46285497	     -0.04617342	     -0.80736029	     -0.30239049	     -0.04798877	      2.17174683	      0.23414147	      0.05322287	    -98.83065884	     -0.37301888	      0.41174110	      1.95495353	      0.00258746	     -0.00329591	     17.80699431	      0.02415156	      0.03470853	      0.01640064	     -0.04929649	     -1.25981176	     -0.04453949	     -0.07379730
      1.36000000	    -35.11047123	    -12.64647645	    -11.37350179	    -13.57856815	     64.72058030	     -3.29463836	    -18.21708705	      0.00507384	     -0.24120716	     32.24613291	    -54.77316134	     -4.75571728	     -2.19060615	      8.84156490	     -5.56132968	     19.05057511	     -3.37080455	     -0.04347482	     -2.42139379	    -29.60954652	     -0.04629304	     -0.58480732	     -0.50982928	     -0.03735269	      1.62435063	      0.43554607	      0.04226204	   -104.02804719	     -0.31103830	      0.29837547	      1.78388812	      0.00118974	     -0.00050700	     18.39636830	      0.01753811	      0.02459356	      0.02371836	     -0.03753052	     -1.34610254	     -0.04340520	     -0.06397486
      1.37000000	    -36.20978910	    -12.48520299	     -7.89574342	    -29.99607350	     54.91362152	     12.93851859	    -24.43393308	     -1.98136757	     -0.17010544	     34.76101242	    -55.24426848	     -4.93201324	      0.30332597	     10.07456605	     -2.67295497	     20.91019966	     -4.43679447	     -0.04386235	     -2.39447064	    -29.90317786	     -0.04692058	     -0.29810757	     -0.84290733	     -0.02498103	      0.94754331	      0.76655989	      0.02900296	   -109.45388914	     -0.25231828	      0.15173545	      1.54085796	     -0.00094546	      0.00402235	     19.02569077	      0.00541775	      0.01482503	      0.03618034	     -0.02006056	     -1.36548635	     -0.04236960	     -0.05666610
      1.38000000	    -38.99017308	    -10.61339471	     -5.27254523	    -38.95565975	     37.49321788	     25.06948171	    -30.53193088	     -3.38516750	     -0.14901855	     37.24378760	    -56.29372564	     -5.03653696	      0.52180731	     11.34834957	     -0.33861885	     22.94077805	     -5.35794222	     -0.04334825	     -2.79114475	    -30.40605390	     -0.04796018	     -0.09110425	     -1.20509729	     -0.01630861	      0.38754584	      1.12836637	      0.01899221	   -115.07335716	     -0.23286785	      0.02239752	      1.24427279	     -0.00284259	      0.00889974	     19.69612871	     -0.00792020	      0.01059082	      0.04957209	     -0.00269714	     -1.32942143	     -0.04154850	     -0.05217820
      1.39000000	    -42.78308276	     -7.40821969	     -4.31786398	    -38.55108587	     16.00700603	     30.35691216	    -35.60854393	     -4.20762468	     -0.14426151	     39.69184081	    -58.05939299	     -5.04605607	     -1.38204942	     12.69819743	      0.80860948	     24.97882924	     -6.16197282	     -0.04227416	     -3.58801324	    -31.10621758	     -0.04927612	     -0.01079603	     -1.49726178	     -0.01371707	      0.11393902	      1.42043809	      0.01512833	   -120.82495926	     -0.25326801	     -0.04974904	      0.91972000	     -0.00399708	      0.01255013	     20.39580047	     -0.01811491	      0.01239081	      0.05974672	      0.00901541	     -1.26036683	     -0.04101778	     -0.04991603
      1.40000000	    -46.25786035	     -3.53411721	     -5.11621613	    -29.59286521	     -6.04736313	     27.57991250	    -39.01962288	     -4.46458032	     -0.12248790	     42.15928332	    -60.37559383	     -4.94362415	     -4.47562513	     14.03103095	      0.68367675	     26.81446629	     -6.85162762	     -0.04103922	     -4.74180845	    -31.91764742	     -0.05072168	     -0.01036099	     -1.64379429	     -0.01654646	      0.19621563	      1.56661310	      0.01746632	   -126.61024011	     -0.28530038	     -0.04246298	      0.59784659	     -0.00446927	      0.01367291	     21.09092927	     -0.02209391	      0.01683543	      0.06387232	      0.01112396	     -1.17819621	     -0.04083909	     -0.04919112
      1.41000000	    -48.14835763	      0.48257799	     -7.15202918	    -15.08095810	    -26.52194866	     16.74635769	    -40.60806864	     -3.92420778	     -0.05694367	     44.73755703	    -62.86739788	     -4.73254884	     -7.57784305	     15.11731989	     -0.34608299	     28.25711012	     -7.29185101	     -0.03996559	     -6.21220220	    -32.71532985	     -0.05214984	      0.01714465	     -1.60793697	     -0.02193125	      0.60441868	      1.53002346	      0.02377268	   -132.28994691	     -0.28696643	      0.04539201	      0.31335754	     -0.00473185	      0.01158154	     21.72327752	     -0.01873684	      0.01860254	      0.06097658	      0.00222295	     -1.09033570	     -0.04103787	     -0.04988418
      1.42000000	    -47.68628019	      4.52015974	     -9.53872694	      0.62974156	    -45.05479646	     -0.88183504	    -40.70114674	     -2.14609629	      0.07778169	     47.51301647	    -65.11934246	     -4.44035901	     -9.66484459	     15.72822963	     -1.62853458	     29.15831451	     -7.22859392	     -0.03908077	     -7.97493179	    -33.38665635	     -0.05342231	      0.19399229	     -1.39712306	     -0.02597152	      1.22680852	      1.31844797	      0.03047333	   -137.69116836	     -0.21838562	      0.19455873	      0.10236152	     -0.00541198	      0.00635352	     22.21713380	     -0.00886844	      0.01250705	      0.05188277	     -0.01624374	     -0.99188434	     -0.04155718	     -0.05243642
      1.43000000	    -44.67217916	      8.71351280	    -11.30638302	     13.00832669	    -62.34538924	    -22.43434416	    -39.85638725	      1.12287762	      0.29877198	     50.52262732	    -66.81952164	     -4.11067001	    -10.10097554	     15.81892218	     -2.43144901	     29.38028703	     -6.46138875	     -0.03828354	    -10.01900434	    -33.87023256	     -0.05442571	      0.61441449	     -1.05843343	     -0.02497818	      1.90246955	      0.97969815	      0.03378838	   -142.62758437	     -0.05484570	      0.37061200	     -0.00538299	     -0.00702410	     -0.00122636	     22.49587269	      0.00527839	     -0.00481174	      0.03869989	     -0.04042717	     -0.87465307	     -0.04224235	     -0.05711036
      1.44000000	    -39.37535715	     12.98524497	    -11.69503042	     18.72972529	    -78.50807020	    -43.33342071	    -38.48782432	      5.47221205	      0.59409223	     53.71516528	    -67.80675155	     -3.78779009	     -8.75390823	     15.62798663	     -2.15718108	     28.74864333	     -5.04969980	     -0.03755038	    -12.32417183	    -34.15876900	     -0.05509245	      1.31167833	     -0.66236922	     -0.01656789	      2.46495228	      0.58473054	      0.03083380	   -146.93142286	      0.20495052	      0.53262995	      0.00065546	     -0.00974024	     -0.00991063	     22.50412490	      0.02098747	     -0.03378954	      0.02399382	     -0.06511924	     -0.73756866	     -0.04289002	     -0.06302415
      1.45000000	    -32.47839647	     16.65528659	    -10.39095840	     16.74516221	    -91.34230864	    -58.20132761	    -36.57517677	      9.71474488	      0.91745466	     56.91772648	    -68.02727073	     -3.50192513	     -6.05092414	     15.59513837	     -0.54676272	     27.04528007	     -3.36528110	     -0.03718276	    -14.82273395	    -34.26860196	     -0.05542301	      2.23539547	     -0.27737326	     -0.00050670	      2.78738040	      0.20139324	      0.02053881	   -150.49012071	      0.53446283	      0.64284239	      0.10024790	     -0.01320847	     -0.01831579	     22.22788626	      0.03607977	     -0.07129539	      0.00988606	     -0.08502625	     -0.58992242	     -0.04333871	     -0.06777154
      1.46000000	    -25.05276574	     18.48546310	     -7.63685296	      8.42017464	    -95.58062518	    -62.78819581	    -33.59981398	     12.34064563	      1.21605218	     59.81761023	    -67.46782330	     -3.25994391	     -2.92618313	     16.11842805	      2.17948331	     24.07141892	     -1.91188714	     -0.03787362	    -17.36275598	    -34.20429878	     -0.05550745	      3.24062041	      0.05551079	      0.02087354	      2.81338314	     -0.13071092	      0.00416601	   -153.27395863	      0.87875345	      0.67425650	      0.24280783	     -0.01646651	     -0.02519660	     21.70367773	      0.04962552	     -0.11051720	     -0.00257786	     -0.09585639	     -0.44573598	     -0.04353471	     -0.06815092
      1.47000000	    -18.41556204	     17.14350132	     -4.15159615	     -3.42221961	    -83.82630960	    -55.87827005	    -28.75331165	     12.24907297	      1.46480576	     61.98758562	    -66.12452472	     -3.04219152	     -0.57314338	     17.29594920	      5.35501927	     19.76777411	     -1.04809336	     -0.04048315	    -19.70109517	    -33.94618767	     -0.05553442	      4.10714746	      0.33521939	      0.04315303	      2.55804034	     -0.41134363	     -0.01500237	   -155.33574411	      1.16293131	      0.61367599	      0.36647946	     -0.01808125	     -0.02960548	     21.01039657	      0.06201359	     -0.14205697	     -0.01350929	     -0.09491815	     -0.31690156	     -0.04351334	     -0.06175399
      1.48000000	    -13.84379359	     11.76718723	     -0.87909687	    -15.95503331	    -49.22300366	    -39.93480383	    -21.38552793	      9.23374697	      1.66902296	     62.98917001	    -64.02297205	     -2.80574648	     -0.05347695	     18.81008405	      8.11941461	     14.34761828	     -0.84154356	     -0.04562264	    -21.55437848	    -33.46520971	     -0.05576998	      4.60227527	      0.59154644	      0.06133494	      2.08046445	     -0.66909954	     -0.03291946	   -156.76481975	      1.31267060	      0.46061584	      0.43084693	     -0.01660346	     -0.03095480	     20.24265598	      0.07426627	     -0.15659772	     -0.02362239	     -0.08124191	     -0.21414613	     -0.04329577	     -0.04852940
      1.49000000	    -12.21905368	      2.35341974	      1.31248559	    -27.40600364	     10.87606977	    -20.11510040	    -11.54576230	      3.97056365	      1.83780521	     62.56472999	    -61.26146665	     -2.49731807	     -1.92110923	     20.00883409	      9.75677913	      8.37848837	     -1.14289876	     -0.05323618	    -22.71557989	    -32.74414203	     -0.05649801	      4.56482921	      0.85453006	      0.07159586	      1.45386416	     -0.93102813	     -0.04621869	   -157.59108804	      1.27957962	      0.22706509	      0.44553205	     -0.01124204	     -0.02902790	     19.47077060	      0.08677745	     -0.14824112	     -0.03319558	     -0.05568419	     -0.15490202	     -0.04276582	     -0.03142478
      1.50000000	    -13.57615108	    -10.07664062	      1.86322125	    -37.24917004	     91.72985911	     -2.27878876	     -0.30895355	     -2.31446966	      1.95962274	     60.87312358	    -58.02596819	     -2.07731822	     -5.96408257	     20.12790319	      9.90889815	      2.73316771	     -1.75284105	     -0.06230676	    -23.20623807	    -31.77738619	     -0.05793267	      3.96473376	      1.11434605	      0.07215217	      0.75947603	     -1.18436523	     -0.05282604	   -157.66094693	      1.05837592	     -0.05762194	      0.47374226	     -0.00248404	     -0.02397344	     18.69868725	      0.09798244	     -0.11690819	     -0.04094851	     -0.02146003	     -0.16639219	     -0.04160079	     -0.01567830
      1.51000000	    -16.60447270	    -23.53281268	      0.63591371	    -45.68527493	    180.42262819	      9.10166978	     10.43459120	     -8.21993155	      1.99511434	     58.64192902	    -54.54105632	     -1.54748040	    -11.12885242	     18.56751774	      8.57418080	     -1.64560454	     -2.50780070	     -0.07098468	    -23.38863363	    -30.54182397	     -0.06011926	      2.90668606	      1.29516296	      0.06292601	      0.09980511	     -1.35236752	     -0.05156512	   -156.53683257	      0.68730430	     -0.34130617	      0.60204106	      0.00770736	     -0.01628070	     17.83586264	      0.10380284	     -0.06859701	     -0.04353592	      0.01534356	     -0.27433728	     -0.03931853	     -0.00685495
      1.52000000	    -18.60471123	    -35.46709091	     -2.09633883	    -52.95848807	    258.91421646	     12.47133784	     18.72233636	    -12.52524106	      1.88497295	     57.04399423	    -50.96676242	     -0.96509732	    -15.76774473	     15.14959735	      5.98917879	     -4.10931075	     -3.25776639	     -0.07704189	    -23.92882631	    -28.96289058	     -0.06284586	      1.58182815	      1.26841976	      0.04478561	     -0.40400025	     -1.30853749	     -0.04167502	   -153.49225787	      0.23249264	     -0.55607365	      0.88993284	      0.01641724	     -0.00669466	     16.70148433	      0.09868163	     -0.01324444	     -0.03639448	      0.04665116	     -0.48213203	     -0.03551361	     -0.00827216
      1.53000000	    -16.57589785	    -43.60317191	     -5.75714212	    -59.10246192	    310.70316844	      9.67269907	     23.32846511	    -14.53963596	      1.57581017	     57.18544373	    -47.28789933	     -0.42981572	    -18.29376545	     10.26388935	      2.54495789	     -4.58713226	     -3.83678901	     -0.07863877	    -25.53324704	    -26.91078647	     -0.06560340	      0.19900381	      0.91261130	      0.01935042	     -0.65604750	     -0.93598463	     -0.02322174	   -147.66897183	     -0.23528022	     -0.64468680	      1.32915942	      0.02097219	      0.00394474	     15.07722620	      0.07822692	      0.03895324	     -0.01600505	      0.06544231	     -0.75621344	     -0.03029318	     -0.01915203
      1.54000000	     -9.25607696	    -46.82250428	     -9.56610471	    -64.29891801	    328.37938402	      4.97161257	     24.07957876	    -14.25308280	      1.05705081	     59.38581436	    -43.24413261	     -0.04682705	    -17.98628683	      4.80204421	     -1.21693607	     -3.56424632	     -4.07925271	     -0.07512596	    -28.51346176	    -24.23635949	     -0.06773114	     -1.06966222	      0.19338458	     -0.01048679	     -0.65053996	     -0.20568089	      0.00172723	   -138.41150547	     -0.66011990	     -0.59451631	      1.83774171	      0.02024604	      0.01486346	     12.81308365	      0.04224335	      0.08102774	      0.01748310	      0.06959611	     -1.02929154	     -0.02470226	     -0.03496874
      1.55000000	      1.33509388	    -45.52249851	    -12.57158511	    -69.40080720	    317.79921777	      2.81406688	     21.56885999	    -12.10131010	      0.37867425	     62.72838971	    -38.34720074	      0.11276827	    -15.39330351	     -0.14376829	     -4.61567272	     -1.75742103	     -3.84375803	     -0.06743619	    -32.39990585	    -20.82713161	     -0.06854914	     -2.11385949	     -0.78518715	     -0.04014559	     -0.50541398	      0.77500624	      0.02838597	   -125.68447288	     -1.00956873	     -0.45452202	      2.29077636	      0.01531338	      0.02541427	      9.96282840	     -0.00373680	      0.11087285	      0.05892937	      0.06377392	     -1.22156425	     -0.02073316	     -0.05004774
      1.56000000	     10.40448022	    -41.24936633	    -13.76682782	    -75.98030227	    296.09085376	      5.48396030	     16.67735098	     -8.57595664	     -0.36727990	     65.29969671	    -32.05647909	      0.03642703	    -11.95961223	     -3.69306821	     -6.95239563	      0.23683607	     -3.03983720	     -0.05778382	    -35.89283464	    -16.67365398	     -0.06769143	     -2.88862492	     -1.79701128	     -0.06400231	     -0.42870389	      1.78065358	      0.05012752	   -110.34688916	     -1.27291369	     -0.31938565	      2.57046738	      0.00902912	      0.03503525	      6.88122186	     -0.04966547	      0.13054495	      0.09928486	      0.05759246	     -1.27243440	     -0.02064378	     -0.06045133
      1.57000000	     12.94277937	    -35.91252460	    -12.48521439	    -85.67921828	    284.56083609	     12.09604507	     10.33491653	     -4.11541581	     -1.07797626	     65.09233033	    -24.15273687	     -0.22226516	     -9.11279705	     -5.48364696	     -7.73203575	      2.05582034	     -1.70047698	     -0.04879680	    -37.31721369	    -11.95460617	     -0.06531163	     -3.40720934	     -2.57719773	     -0.07715918	     -0.62889745	      2.55031834	      0.06086100	    -94.01986039	     -1.45463506	     -0.28736444	      2.61354198	      0.00474687	      0.04320357	      4.18301705	     -0.08458065	      0.14405143	      0.12879880	      0.06094384	     -1.16943160	     -0.02579738	     -0.06501353
      1.58000000	      6.55703095	    -30.98691322	     -8.91322762	    -99.18399532	    300.56901218	     19.40808768	      3.52867096	      0.70066639	     -1.65333729	     61.07793409	    -15.16130689	     -0.55090776	     -7.48942598	     -5.72580277	     -6.85444842	      3.47371546	     -0.06232197	     -0.04253089	    -35.46604383	     -7.10796102	     -0.06207538	     -3.72216656	     -2.93098189	     -0.07735061	     -1.21786345	      2.89349292	      0.05756783	    -78.46127475	     -1.56697453	     -0.41552660	      2.43551920	      0.00483540	      0.04947833	      2.50115943	     -0.10087969	      0.15492867	      0.14086597	      0.07923043	     -0.95648125	     -0.03571231	     -0.06441235
      1.59000000	     -7.39973080	    -27.03308980	     -4.21645458	   -115.40190832	    352.21332722	     23.74586092	     -2.74253056	      5.03769750	     -1.99664994	     53.83190106	     -6.46182302	     -0.81248353	     -6.82742503	     -5.02986234	     -4.64542698	      4.32519325	      1.45673593	     -0.03983817	    -30.39769599	     -2.78448973	     -0.05893075	     -3.89326545	     -2.81317184	     -0.06580840	     -2.15730874	      2.76691406	      0.04151092	    -64.73008663	     -1.62329673	     -0.69587806	      2.11769079	      0.00969507	      0.05363288	      2.11886328	     -0.09724066	      0.16466432	      0.13470463	      0.11111118	     -0.71267900	     -0.04803571	     -0.05986466
      1.60000000	    -24.88066959	    -23.79538531	      0.01979434	   -131.33954486	    437.16828142	     22.88248537	     -7.68521016	      8.00803430	     -2.03188502	     45.34333566	      0.21268646	     -0.92198774	     -6.45508455	     -4.14244682	     -1.71247556	      4.55666145	      2.41618828	     -0.04032518	    -23.62292673	      0.39759803	     -0.05688440	     -3.95598365	     -2.33939576	     -0.04663616	     -3.27308326	      2.28565176	      0.01754643	    -52.71766782	     -1.63367505	     -1.06207058	      1.76433502	      0.01769633	      0.05577350	      2.71345085	     -0.07885619	      0.17246076	      0.11557348	      0.14958580	     -0.51427065	     -0.05964169	     -0.05266378
      1.61000000	    -41.27990324	    -20.84274607	      2.73144850	   -142.90419523	    544.77013200	     16.94323941	    -10.86576328	      9.05127552	     -1.74738691	     38.05827819	      3.74608711	     -0.94773718	     -5.86818567	     -3.71321529	      1.28337737	      4.28396378	      2.56142750	     -0.04281636	    -17.39178615	      2.21501770	     -0.05613848	     -3.91065710	     -1.72535872	     -0.02512052	     -4.32645907	      1.66422097	     -0.00794702	    -41.48374570	     -1.60372802	     -1.42004608	      1.45948944	      0.02601724	      0.05631290	      3.46555059	     -0.05489350	      0.17616538	      0.09234556	      0.18535848	     -0.40411861	     -0.06836272	     -0.04439978
      1.62000000	    -53.23818789	    -18.25961230	      3.99995016	   -146.46076989	    659.72216883	      7.97714336	    -12.11612607	      8.20876441	     -1.23313999	     33.64051880	      4.43064321	     -1.16301849	     -4.95972212	     -4.14504278	      3.82237542	      3.72768218	      1.95351726	     -0.04599793	    -13.43851620	      3.06431932	     -0.05620001	     -3.73876591	     -1.18678108	     -0.00587082	     -5.10502517	      1.11826654	     -0.02940868	    -30.21173020	     -1.53633186	     -1.68570559	      1.24739489	      0.03193142	      0.05576424	      3.54752493	     -0.03442562	      0.17369661	      0.07358182	      0.21052240	     -0.38334235	     -0.07436764	     -0.03702762
      1.63000000	    -59.42220321	    -16.76419556	      4.85892319	   -140.58403012	    766.06197457	     -1.39410615	    -11.36957974	      6.10139682	     -0.66344520	     32.18347087	      3.87778988	     -1.95212540	     -3.85829350	     -5.51961019	      5.61758839	      3.07527927	      0.93217640	     -0.04888118	    -12.06908653	      3.80796317	     -0.05607579	     -3.43236748	     -0.85217978	      0.00839720	     -5.49007428	      0.77762588	     -0.04365638	    -19.00869220	     -1.43447597	     -1.81204907	      1.13574412	      0.03389945	      0.05446917	      2.65966741	     -0.02283814	      0.16418692	      0.06407408	      0.22089709	     -0.42267532	     -0.08021015	     -0.03234141
      1.64000000	    -60.28956252	    -17.05331107	      6.39282351	   -127.02741980	    850.49212083	     -9.33991503	     -8.70296588	      3.63044848	     -0.21716849	     32.43006172	      3.94943169	     -3.54841767	     -2.65298353	     -7.57443625	      6.60889385	      2.40889818	     -0.06976784	     -0.05092157	    -12.29899938	      5.24865366	     -0.05444949	     -3.01423326	     -0.73020398	      0.01710118	     -5.47645285	      0.65281808	     -0.05021728	     -8.88170557	     -1.30345328	     -1.79682618	      1.10708862	      0.03198110	      0.05245107	      1.17834178	     -0.02037841	      0.14838560	      0.06352552	      0.21646755	     -0.48212418	     -0.08922609	     -0.03118030
      1.65000000	    -57.25751649	    -18.87663811	      8.77641117	   -110.06398288	    904.65465751	    -15.44432580	     -4.54958397	      1.60938510	      0.00933751	     32.84774346	      5.45396082	     -5.73751857	     -1.30601763	     -9.74486333	      6.90081590	      1.74570650	     -0.73212797	     -0.05190803	    -12.85888619	      7.55521322	     -0.05100988	     -2.53906302	     -0.73831235	      0.02120883	     -5.15006452	      0.66277029	     -0.05063655	     -0.99628487	     -1.15261620	     -1.67342141	      1.12999290	      0.02752513	      0.04952200	     -0.20475804	     -0.02322903	      0.12848153	      0.06773320	      0.20049297	     -0.52835843	     -0.10310401	     -0.03304748
      1.66000000	    -51.90591495	    -20.72445618	     10.98024819	    -94.47711208	    926.32528425	    -20.37430339	      0.21457148	      0.53637162	      0.03073016	     32.65838812	      7.64825268	     -7.77991508	      0.20996504	    -11.31342835	      6.66291194	      1.11651221	     -0.94230051	     -0.05185127	    -13.12203298	     10.07830734	     -0.04658859	     -2.08475723	     -0.76530380	      0.02217297	     -4.64200797	      0.69682002	     -0.04722422	      4.06451661	     -0.99793594	     -1.49295972	      1.17042714	      0.02245881	      0.04557392	     -1.01294206	     -0.02612618	      0.10778804	      0.07125944	      0.17803726	     -0.54419956	     -0.12031171	     -0.03647212
      1.67000000	    -45.63683409	    -20.59743152	     11.39859426	    -83.47749086	    919.48521830	    -24.92147353	      4.49169483	      0.55115734	     -0.06581310	     32.01608972	      8.94101108	     -8.73566110	      1.77131628	    -11.67504117	      6.00326099	      0.59555849	     -0.76010785	     -0.05096617	    -13.19153929	     11.74719649	     -0.04188553	     -1.74176585	     -0.72982198	      0.02081038	     -4.07425911	      0.67299278	     -0.04170208	      6.48820306	     -0.86332852	     -1.30353354	      1.20312017	      0.01853009	      0.04080652	     -1.22525051	     -0.02501904	      0.09028309	      0.07007540	      0.15415739	     -0.52954450	     -0.13652463	     -0.03980306
      1.68000000	    -39.68452932	    -17.38580831	      8.97111168	    -77.66578652	    893.05344510	    -29.08784726	      7.36677990	      1.49408872	     -0.18094089	     31.42331380	      8.17878080	     -8.06597913	      3.13514908	    -10.63824946	      4.87887592	      0.26733593	     -0.32897210	     -0.04965799	    -13.32042673	     11.78541494	     -0.03783389	     -1.59363954	     -0.60972254	      0.01672095	     -3.51276947	      0.56722043	     -0.03434253	      6.93624396	     -0.77579634	     -1.13204347	      1.21798494	      0.01671233	      0.03569615	     -1.10800117	     -0.01865526	      0.07959770	      0.06307743	      0.13203279	     -0.49613003	     -0.14647691	     -0.04186884
      1.69000000	    -35.05415376	    -11.78663919	      3.97713897	    -75.25731223	    858.04335916	    -31.86391288	      8.42859037	      3.00236315	     -0.24465235	     31.13353444	      5.48529293	     -6.06710899	      4.09553012	     -8.58181823	      3.14338941	      0.17633619	      0.19663774	     -0.04840926	    -13.42212494	     10.22009504	     -0.03516411	     -1.68197515	     -0.43661332	      0.00878205	     -2.95319828	      0.40794581	     -0.02422592	      6.16862785	     -0.75302745	     -0.97740571	      1.21782391	      0.01692830	      0.03075104	     -0.90871970	     -0.00864276	      0.07747406	      0.05205972	      0.11200100	     -0.45953827	     -0.14589046	     -0.04221325
      1.70000000	    -32.21670470	     -5.96559085	     -2.06440576	    -73.21305681	    823.89324922	    -31.79578203	      7.84716225	      4.63938425	     -0.23266921	     31.05617519	      2.10894551	     -3.73220276	      4.61821844	     -6.28432681	      0.75563165	      0.30242039	      0.69499409	     -0.04759770	    -13.15157441	      7.83458447	     -0.03387587	     -1.96853993	     -0.26591346	     -0.00338459	     -2.35555779	      0.24690101	     -0.01066878	      4.83629092	     -0.78953241	     -0.82124635	      1.20989334	      0.01821486	      0.02626487	     -0.71553722	      0.00185244	      0.08247608	      0.04034421	      0.09239411	     -0.43178542	     -0.13287329	     -0.04099618
      1.71000000	    -30.86673920	     -2.17176862	     -7.21849367	    -68.70813399	    795.73851404	    -27.81985977	      6.24245367	      6.04709729	     -0.16775230	     31.01004735	     -0.42418823	     -2.12122402	      4.85311735	     -4.46260142	     -1.98686980	      0.56597044	      1.10551238	     -0.04736201	    -12.32843847	      5.66475562	     -0.03372168	     -2.32456490	     -0.14289515	     -0.01798432	     -1.70871098	      0.12670650	      0.00512782	      3.42296342	     -0.85190665	     -0.65036367	      1.19815699	      0.01927188	      0.02225875	     -0.52047297	      0.00997530	      0.09000208	      0.03089376	      0.07179969	     -0.41708248	     -0.10889557	     -0.03877676
      1.72000000	    -30.15076986	     -1.38693358	    -10.02177102	    -60.24140369	    774.04891904	    -19.84827949	      4.46055716	      7.05492155	     -0.10807955	     30.88492065	     -1.14244590	     -1.75471421	      4.99026990	     -3.35944599	     -4.41771345	      0.84782842	      1.43683287	     -0.04759100	    -11.14090895	      4.44071026	     -0.03397587	     -2.57265922	     -0.08463960	     -0.03101857	     -1.07534906	      0.06446379	      0.01966657	      2.24253210	     -0.89133849	     -0.47475296	      1.18120350	      0.01911923	      0.01866304	     -0.32301075	      0.01444439	      0.09418396	      0.02506871	      0.05112740	     -0.41193959	     -0.07897958	     -0.03629883
      1.73000000	    -29.31854750	     -2.99113968	     -9.94851540	    -48.04361495	    756.39799154	     -9.00725718	      3.31547812	      7.66190649	     -0.11753693	     30.56377190	      0.01386928	     -2.44651297	      5.04855725	     -2.72877428	     -5.77077202	      1.02183992	      1.73220852	     -0.04801498	     -9.95319720	      4.31025433	     -0.03379615	     -2.57124097	     -0.08296163	     -0.03803726	     -0.58067464	      0.05489457	      0.02857096	      1.44641431	     -0.86952208	     -0.32804434	      1.15559033	      0.01753304	      0.01559616	     -0.15399263	      0.01556124	      0.09096416	      0.02262831	      0.03395833	     -0.40912104	     -0.05026192	     -0.03428013
      1.74000000	    -28.25303443	     -5.46194737	     -7.39225435	    -33.85785652	    739.87379583	      2.47484058	      3.31114586	      7.89838528	     -0.22525441	     29.83984433	      2.31765885	     -3.56365198	      4.81175593	     -2.16949780	     -5.56261032	      1.00549010	      1.99841496	     -0.04833268	     -9.02297064	      4.91527423	     -0.03262570	     -2.28409237	     -0.11580149	     -0.03637247	     -0.35299910	      0.07993933	      0.02876587	      1.04554492	     -0.77897537	     -0.25083903	      1.12080131	      0.01505775	      0.01343888	     -0.04289856	      0.01447663	      0.08016970	      0.02245650	      0.02488686	     -0.40320882	     -0.02909922	     -0.03319444
      1.75000000	    -27.42588333	     -7.37595295	     -3.29190008	    -20.68773772	    722.60717321	     11.87711458	      4.43042594	      7.69544891	     -0.40157092	     28.46833429	      4.68583777	     -4.44307689	      4.08485922	     -1.43959716	     -3.79006653	      0.80965581	      2.15562726	     -0.04830997	     -8.41762379	      5.69133076	     -0.03035268	     -1.78407603	     -0.15222455	     -0.02608268	     -0.46364917	      0.11149674	      0.01970506	      0.95233526	     -0.64135707	     -0.27030902	      1.08160769	      0.01266266	      0.01256492	      0.00649441	      0.01270056	      0.06490981	      0.02305358	      0.02705285	     -0.39413122	     -0.01833677	     -0.03310619
      1.76000000	    -27.53976294	     -7.99436635	      1.31412816	    -12.54291308	    704.73946970	     16.96990889	      6.13212081	      6.93047725	     -0.57386767	     26.20171870	      6.18081132	     -4.69520936	      3.06641150	     -0.52847101	     -0.89747317	      0.54655398	      2.07758178	     -0.04785538	     -8.01577038	      6.15536860	     -0.02724523	     -1.20864944	     -0.15581357	     -0.00958054	     -0.89495208	      0.11402311	      0.00339362	      1.03060365	     -0.49134288	     -0.38658753	      1.04646728	      0.01128771	      0.01298668	      0.01279763	      0.01192114	      0.04936492	      0.02276734	      0.04027275	     -0.38609406	     -0.01671664	     -0.03369225
      1.77000000	    -29.10374619	     -7.33473439	      5.59067264	    -14.68617059	    688.09535877	     16.78085340	      7.60601023	      5.59926095	     -0.67190358	     22.70057813	      6.36748701	     -4.28389300	      2.56433370	      0.42086557	      2.37729809	      0.37104894	      1.69498279	     -0.04703866	     -7.52769219	      6.05384091	     -0.02371112	     -0.72889837	     -0.09456606	      0.00917208	     -1.56115428	      0.05539481	     -0.01632196	      1.14162779	     -0.36738011	     -0.57578370	      1.02298420	      0.01164444	      0.01439383	      0.00234769	      0.01365022	      0.03757006	      0.02016590	      0.06129818	     -0.38317123	     -0.02047805	     -0.03446313
      1.78000000	    -32.53814497	     -5.70899586	      8.86945464	    -31.63414211	    677.36713545	     11.88925237	      8.13419081	      4.03008209	     -0.66892016	     17.57080371	      5.31514326	     -3.38973062	      3.58263424	      1.21912549	      5.13344280	      0.39653128	      1.10293999	     -0.04614330	     -6.40346707	      5.28167425	     -0.02030743	     -0.52396769	      0.03351281	      0.02509601	     -2.32540165	     -0.06653218	     -0.03425300	      1.18628391	     -0.31011664	     -0.79567470	      1.01550311	      0.01403680	      0.01644934	     -0.00922675	      0.01826319	      0.03331134	      0.01505260	      0.08490252	     -0.38569946	     -0.02630203	     -0.03511639
      1.79000000	    -37.76195044	     -3.49553373	     10.78567623	    -65.93463572	    676.58705656	      4.09577501	      7.39656019	      2.73197050	     -0.58730744	     10.64083493	      3.44765737	     -2.26315839	      6.88137847	      1.71491260	      6.66414128	      0.63169714	      0.51162849	     -0.04549406	     -4.19000016	      3.87380748	     -0.01749776	     -0.73291028	      0.19819480	      0.03389388	     -3.07669169	     -0.22156670	     -0.04600852	      1.13001648	     -0.35384753	     -1.00972244	      1.02305426	      0.01842931	      0.01913549	     -0.02211263	      0.02475053	      0.03958040	      0.00856279	      0.10690173	     -0.39060567	     -0.03240732	     -0.03561061
      1.80000000	    -45.42160332	     -0.40174779	     10.91602112	   -109.20404193	    695.11126612	     -3.76868373	      5.51180644	      2.48887809	     -0.48432594	      2.66105638	      1.20119766	     -1.07114804	     11.55392926	      1.88878998	      6.50435067	      1.01429075	      0.25431922	     -0.04562439	     -0.32859651	      1.79343794	     -0.01637089	     -1.32927252	      0.31638660	      0.03240203	     -3.61880809	     -0.32844987	     -0.04776170	      1.02047400	     -0.49992144	     -1.16129580	      1.04534995	      0.02356646	      0.02219665	     -0.06462436	      0.03010617	      0.05587920	      0.00401169	      0.12185093	     -0.39293952	     -0.04031295	     -0.03633876
      1.81000000	    -54.23868496	      3.25059506	      9.61667479	   -149.55948109	    729.74941259	     -9.33087281	      3.07523659	      3.36575800	     -0.40538229	     -4.60756566	     -0.87936327	     -0.02131166	     16.09297038	      1.83114230	      5.06419878	      1.42360641	      0.41278251	     -0.04650779	      4.44982170	     -0.56723915	     -0.01716411	     -2.10510907	      0.34095156	      0.02285403	     -3.88501375	     -0.34253454	     -0.04106736	      0.93778722	     -0.70092803	     -1.23253351	      1.07490972	      0.02803134	      0.02524844	     -0.14881174	      0.03226584	      0.07708778	      0.00328576	      0.12859296	     -0.39076746	     -0.04996378	     -0.03736393
      1.82000000	    -67.28751019	      9.17885647	      5.82194480	   -147.78820189	    803.35948141	     -9.64836337	      0.64150702	      6.45121012	     -0.40379230	     -7.64078712	     -2.59136048	      0.82616693	     15.15381238	      1.84465229	      2.22076048	      1.86624780	      1.40145731	     -0.04909835	     10.70545599	     -3.31711140	     -0.02257472	     -2.54630003	      0.13701346	      0.00463260	     -3.30282893	     -0.13543217	     -0.02231582	      1.02789076	     -0.84442788	     -1.07548092	      1.12240925	      0.02731432	      0.02567850	     -0.32980250	      0.02681054	      0.09082452	      0.01171354	      0.11295073	     -0.37725912	     -0.06721642	     -0.03975381
      1.83000000	    -69.22698630	     10.68562187	      4.65490706	   -145.00638817	    820.46706018	     -9.30372948	     -0.40877574	      6.94952755	     -0.38413780	     -6.75715101	     -2.98365035	      0.94566586	     14.83791330	      1.91590509	      1.54949757	      2.03741629	      1.55370625	     -0.04953225	     11.63433674	     -3.84735424	     -0.02475854	     -2.63598229	      0.08192817	      0.00031139	     -3.15023903	     -0.07776830	     -0.01775592	      1.11987171	     -0.87483438	     -1.03346999	      1.13232094	      0.02697322	      0.02573746	     -0.39757470	      0.02522592	      0.09361696	      0.01405312	      0.10877928	     -0.37366916	     -0.07106927	     -0.04012219
